YearAdj,Season,Region,DissAmmonia,DissNitrate,DissNitrateNitrite,DissOrthophos,DON,TKN,TotPhos,Temperature,Salinity,DissolvedOxygen,Chlorophyll,pH,Turbidity,Microcystis,Microcystis_round,Sac_Inflow,SJR_Inflow,Total_Inflow
2010,Winter,Confluence,0.15533333333333332,2.3499999999999996,0.5036666666666667,0.05966666666666667,0.3125,0.6133333333333333,0.145,10.01362137300313,1.5240806475452913,9.60375,1.5182777777777778,7.387008442972912,21.572954545454543,1,1,1971840,169410,2354823
2010,Winter,North,0.09111111111111111,1.1430555555555555,0.23044444444444445,0.10261111111111111,0.35,0.6799315722222222,0.1837777777777778,9.563502769631802,0.20929807012725207,8.50488018018018,1.6300000000000001,7.551825257975909,19.30037037037037,1,1,1971840,169410,2354823
2010,Winter,SouthCentral,0.09642857142857143,4.897916666666667,1.1040357142857142,0.10539285714285715,0.4125,0.7200831249999999,0.17107142857142857,10.18066699178326,0.2907815444989428,9.732634271099744,5.583350383631713,7.739300527728021,17.09279436902966,1,1,1971840,169410,2354823
2010,Winter,Suisun Bay,0.15166666666666667,NA,0.4754166666666667,0.05916666666666667,0.38749999999999996,0.6125,0.10583333333333333,10.440614695340502,8.447712854724031,9.463888888888889,1.6571428571428573,7.494024108954458,20.83448275862069,1,1,1971840,169410,2354823
2010,Winter,Suisun Marsh,NA,NA,NA,NA,NA,NA,NA,10.358403263403263,5.263913990606693,8.021902097902098,1.2666666666666666,7.333491846558045,12.03,1,1,1971840,169410,2354823
2010,Spring,Confluence,0.07666666666666666,1.9000000000000001,0.3716666666666667,0.049444444444444444,0.35555555555555557,0.4777777777777778,0.08277777777777778,14.506076239202867,0.16129507924418363,9.626177248677248,8.53850815850816,7.927653723009388,14.993666666666668,NA,NA,1712800,376300,2286915
2010,Spring,North,0.22182440740740741,0.6925202222222222,0.15037062962962963,0.0699074074074074,0.23333333333333334,0.6583333333333333,0.12277777777777778,15.067609591030674,0.2531312374945935,8.44216856060606,1.84,7.039009367728491,27.666666666666668,NA,NA,1712800,376300,2286915
2010,Spring,SouthCentral,0.041812207407407403,2.7194444444444446,0.6182962962962963,0.06541666666666666,0.5016666666666667,0.5966666666666667,0.09541666666666666,15.683736929377975,0.194591658355905,9.169322222222222,11.051257359924026,7.883789977128034,13.24607142857143,NA,NA,1712800,376300,2286915
2010,Spring,Suisun Bay,0.07083333333333333,NA,0.4111666666666666,0.060833333333333336,0.32166666666666666,0.5283333333333333,0.1055,14.918954248366013,2.1026388392781503,9.413333333333334,7.676388888888889,7.9029080540748,20.283333333333335,NA,NA,1712800,376300,2286915
2010,Spring,Suisun Marsh,NA,NA,NA,NA,NA,NA,NA,15.321187584345479,1.2805417028912414,8.097575757575758,4.281666666666666,7.77941280607803,8.316666666666666,NA,NA,1712800,376300,2286915
2010,Summer,Confluence,0.046,0.8842043333333334,0.22444444444444445,0.04688888888888889,0.17500000000000002,0.29777777777777775,0.07400000000000001,20.178401118048004,0.4381596771435596,7.938472222222223,3.3333849483849485,7.749490396800886,15.157607257607257,1.2655677655677655,1,1686100,219850,2048060
2010,Summer,North,0.11222222222222222,0.6324645,0.13,0.06322222222222222,0.13333333333333333,0.4377777777777778,0.09527777777777778,21.970996584792502,0.18597044741217253,7.9396578947368415,1.7833333333333332,7.935161265069632,42.666666666666664,NA,NA,1686100,219850,2048060
2010,Summer,SouthCentral,0.0395800430976431,0.8335300666666666,0.28528211784511787,0.060198653198653196,0.33444444444444443,0.3458333333333333,0.08226851851851852,22.900645456152805,0.1506217017669583,7.497412560386473,23.769416666666665,7.681375123207997,13.09539012345679,1.4523809523809523,1,1686100,219850,2048060
2010,Summer,Suisun Bay,0.060888888888888895,NA,0.30733333333333335,0.066,0.18222222222222223,0.3711111111111111,0.10222222222222221,19.656906108597283,4.935743205500154,8.321111111111112,3.3983597883597887,7.943564310506214,43.94715343915344,1.0277777777777777,1,1686100,219850,2048060
2010,Summer,Suisun Marsh,NA,NA,NA,NA,NA,NA,NA,20.45734649122807,2.69787324267606,7.307333333333333,3.4050000000000002,7.896980344847508,40.190984848484845,1,1,1686100,219850,2048060
2010,Fall,Confluence,0.06133333333333334,1.3333333333333335,0.2926666666666667,0.046000000000000006,0.17500000000000002,0.3066666666666667,0.06333333333333334,18.373476177609156,1.2176561288930046,8.385893246187363,2.0482400932400933,7.70283278610217,9.374263565891473,1.4583333333333333,1,1260860,186420,1537205
2010,Fall,North,0.16030055555555556,0.5013041746031746,0.11458333333333334,0.06752883134920634,0.2,0.5535714285714286,0.09416666666666666,17.511768364967015,0.22746103656126998,7.008339801339801,0.8933333333333334,6.355955424931293,12.080350877192982,1.037037037037037,1,1260860,186420,1537205
2010,Fall,SouthCentral,0.09419002604997341,1.9336298786324786,0.5027875410685806,0.059158791334396596,0.3944444444444445,0.8061220043572985,0.09931590413943354,18.88628997222743,0.24774693157733277,7.634526074700493,4.933695652173913,7.779370862515847,7.892069712463576,1.5,2,1260860,186420,1537205
2010,Fall,Suisun Bay,0.07777777777777778,NA,0.33,0.07,0.24444444444444444,0.37777777777777777,0.1,18.187657407407407,9.494377863543377,8.13888888888889,2.8974603174603173,7.811852079336028,18.09793103448276,1.0128205128205128,1,1260860,186420,1537205
2010,Fall,Suisun Marsh,NA,NA,NA,NA,NA,NA,NA,18.132211538461537,6.935316480309316,7.298871794871795,2.4433333333333334,7.76048416366786,13.466666666666667,1.1111111111111112,1,1260860,186420,1537205
2011,Winter,Confluence,0.11533333333333334,2.033333333333333,0.36,0.042666666666666665,0.17500000000000002,0.4266666666666667,0.07133333333333333,9.824597184049066,0.3484317633150318,9.811111111111112,1.2744322344322345,7.233936760129014,11.69509090909091,1,1,3188700,824380,4350875
2011,Winter,North,0.05930116071428572,1.0587301587301587,0.21354497354497354,0.10356481481481482,0.22222222222222224,0.5627645502645503,0.16523148148148148,9.75201556629186,0.27753646283576255,9.150796957671957,2.296666666666667,8.047498748536555,15.710888888888888,1.1111111111111112,1,3188700,824380,4350875
2011,Winter,SouthCentral,0.07915936666666666,2.6236111111111113,0.577,0.06016554444444445,0.2904761904761905,0.6266666666666667,0.10792592592592593,10.088047550862717,0.14735513648040705,9.840998575498576,2.2154277188328915,7.510698019595461,16.673027505446623,1,1,3188700,824380,4350875
2011,Winter,Suisun Bay,0.13222222222222224,NA,0.35888888888888887,0.04888888888888889,0.26666666666666666,0.4888888888888889,0.09111111111111111,10.041258355129322,4.52255428548876,9.427777777777777,1.2557142857142858,7.630738978277476,14.80823754789272,1,1,3188700,824380,4350875
2011,Winter,Suisun Marsh,NA,NA,NA,NA,NA,NA,NA,9.83295739348371,2.332690700362145,8.922030303030303,0.8066666666666666,7.543233723584363,7.346666666666667,1,1,3188700,824380,4350875
2011,Spring,Confluence,0.06222222222222222,1.3666666666666667,0.22111111111111112,0.034444444444444444,0.16666666666666669,0.37777777777777777,0.06666666666666667,13.943795032691144,0.0870102221730782,9.493928571428572,2.9561363636363636,7.005024818903527,11.980481481481482,NA,NA,4512500,1606350,7780290
2011,Spring,North,0.0426356962962963,0.45520853333333333,0.09966666666666667,0.06831865555555555,0.16666666666666666,0.5244444444444445,0.13703703703703704,15.005356093984338,0.20430449116041122,8.607319034012583,4.083333333333334,7.7151812029051205,12.666666666666666,NA,NA,4512500,1606350,7780290
2011,Spring,SouthCentral,0.047924434697855754,2.1822222222222223,0.41460038986354775,0.054594672514619885,0.2833333333333333,0.47855750487329435,0.11179337231968811,15.137414420417251,0.10185122439874586,8.980871744578838,4.302720085470085,7.493385092484941,16.363569683005167,NA,NA,4512500,1606350,7780290
2011,Spring,Suisun Bay,0.056,NA,0.20266666666666666,0.0335,0.17333333333333334,0.33,0.07016666666666667,14.126300717162787,0.2708356013914842,9.495,4.346712962962963,7.326862893416664,14.465833333333332,NA,NA,4512500,1606350,7780290
2011,Spring,Suisun Marsh,NA,NA,NA,NA,NA,NA,NA,14.871224561403508,0.4813381225303548,8.075939393939393,5.576666666666666,7.4178620709810685,9.316666666666666,NA,NA,4512500,1606350,7780290
2011,Summer,Confluence,0.043055555555555555,0.8,0.17111111111111113,0.03666666666666667,0.15000000000000002,0.26944444444444443,0.058611111111111114,20.53926287160184,0.1292214896551849,7.7445490196078435,2.728741258741259,7.3181594992537145,11.048892955455456,1.064102564102564,1,2418700,753020,3430220
2011,Summer,North,0.0836940873015873,0.39389556666666664,0.08955403968253968,0.08125203703703704,0.11878311111111112,0.4261183261183261,0.12388888888888888,22.178452068237437,0.2619577159987245,7.233925925925926,2.87,8.021401938617263,25.107058823529414,1,1,2418700,753020,3430220
2011,Summer,SouthCentral,0.04898347494172494,1.9173728478835979,0.3619532944832945,0.058456809116809116,0.2111111111111111,0.5742618492618493,0.09464387464387464,21.59311058527313,0.09732407742218113,8.143810713096428,7.910212962962963,7.461413862720554,11.944402298850575,1.1666666666666667,1,2418700,753020,3430220
2011,Summer,Suisun Bay,0.036166666666666666,NA,0.19283333333333333,0.042666666666666665,0.15833333333333335,0.3033333333333333,0.0755,20.002600972012736,1.9225130718198,8.461666666666666,3.500138888888889,7.590866199919797,29.726157407407406,1.0555555555555556,1,2418700,753020,3430220
2011,Summer,Suisun Marsh,NA,NA,NA,NA,NA,NA,NA,20.52537878787879,0.921501265767503,7.152,5.03,7.4924616394749775,53.12083333333334,1,1,2418700,753020,3430220
2011,Fall,Confluence,0.0675,1.05,0.21566666666666667,0.043,0.10833333333333334,0.27666666666666667,0.0635,17.664620851404884,0.3938936496421509,8.556380933952529,4.6712393162393155,7.676055764715385,15.075374740435716,1.3645833333333333,1,1560000,366660,2026381
2011,Fall,North,0.16567443055555556,0.3536586190476191,0.08299070833333333,0.06612105555555556,0.14444444444444446,0.4291666666666667,0.09888888888888889,17.064880416344103,0.23473089017636276,7.6569417989418,1.9233333333333333,7.966146475890255,18.880701754385964,1.0185185185185186,1,1560000,366660,2026381
2011,Fall,SouthCentral,0.04683336720142602,3.3069408534798534,0.6198172192513369,0.05204458465608466,0.20952380952380953,0.6907308377896613,0.09944444444444445,17.422795330861867,0.12812830658087546,8.345073051948052,3.6658068783068782,7.580388328318299,8.95941098209966,1.1944444444444444,1,1560000,366660,2026381
2011,Fall,Suisun Bay,0.08222222222222222,NA,0.2536111111111111,0.05694444444444444,0.19444444444444445,0.3861111111111111,0.09027777777777778,17.82437804878049,5.420426778421631,8.498611111111112,3.34,7.920063606976376,40.438429118773946,1.3451282051282052,1,1560000,366660,2026381
2011,Fall,Suisun Marsh,NA,NA,NA,NA,NA,NA,NA,17.255958485958487,3.55598415671234,6.795,2.555,7.781943313844868,31.028333333333336,1.2222222222222223,1,1560000,366660,2026381
2012,Winter,Confluence,0.162,1.7285796666666666,0.3686666666666667,0.048,0.2,0.48,0.08733333333333333,9.70173617284446,1.278930505438979,10.428500195924766,1.5349230769230768,7.729485007050755,15.08110723514212,1,1,1297600,158720,1504777
2012,Winter,North,0.2064709814814815,0.9466666666666667,0.18,0.05547619047619048,0.17777777777777778,0.5142813148148149,0.21031746031746032,9.324427343978531,0.27352362400096264,10.096973803369448,4.616666666666667,7.788809668771866,46.27543859649123,1,1,1297600,158720,1504777
2012,Winter,SouthCentral,0.12588932461873636,3.290769230769231,0.8332461873638344,0.06661137777777779,0.28886116666666667,0.6856209150326797,0.2109109185185185,9.75015911864988,0.2704515269529446,10.291896889660048,5.020938393237244,7.698109104075747,8.262161228864015,1,1,1297600,158720,1504777
2012,Winter,Suisun Bay,0.17666666666666667,NA,0.39222222222222225,0.04777777777777778,0.2111111111111111,0.4777777777777778,0.09444444444444444,10.214831577266922,9.805195082123074,9.738888888888889,1.4874603174603176,7.861815174153167,22.065900383141763,1,1,1297600,158720,1504777
2012,Winter,Suisun Marsh,NA,NA,NA,NA,NA,NA,NA,9.830499325236167,3.7893472682062814,8.539,2.416666666666667,7.692297596638407,11.076666666666668,1,1,1297600,158720,1504777
2012,Spring,Confluence,0.096,1.8666666666666667,0.38333333333333336,0.05,0.24166666666666667,0.4577777777777778,0.08266666666666667,15.269311283662887,0.2820999842513824,9.180795737547893,2.5193803418803418,7.73491584882977,12.992185185185186,NA,NA,1813340,217810,2158234
2012,Spring,North,0.13803336904761904,0.8483171666666667,0.1714788253968254,0.07883333333333334,0.13333333333333333,0.6779761904761905,0.1565,16.630459836114916,0.31441179890326537,8.414834134580044,4.056666666666667,8.056320883429082,65.33333333333333,NA,NA,1813340,217810,2158234
2012,Spring,SouthCentral,0.1362360446570973,2.856323926984127,0.5741821726032252,0.06136024171539961,0.3138888888888889,0.6995791245791246,0.11979629629629629,16.812900172736146,0.21186820931628172,8.839451524237882,7.98515987654321,7.702776717142178,11.913899572649573,NA,NA,1813340,217810,2158234
2012,Spring,Suisun Bay,0.08311111111111111,NA,0.39666666666666667,0.05533333333333333,0.2577777777777778,0.5066666666666667,0.15044444444444444,14.963645833333333,3.3003210237579235,9.122222222222222,3.7796296296296297,7.8747219626630764,23.427333333333333,NA,NA,1813340,217810,2158234
2012,Spring,Suisun Marsh,NA,NA,NA,NA,NA,NA,NA,16.220438596491228,1.7034606492308815,7.601151515151515,3.058333333333333,7.673394492762016,4.4,NA,NA,1813340,217810,2158234
2012,Summer,Confluence,0.05,1.7333333333333334,0.2826666666666667,0.051333333333333335,0.1416666666666667,0.31333333333333335,0.08266666666666667,21.236362235045146,0.6144665195225538,8.212944340905203,3.4235718954248364,7.741018087051644,13.56223558519224,1.9743589743589745,2,1588020,101386,1773301
2012,Summer,North,0.19358333333333336,0.5499999999999999,0.10841666666666666,0.08244444444444445,0.15555555555555556,0.5266666666666666,0.1398888888888889,22.429796891755714,0.22246244178916885,7.972351966873706,10.432727272727274,7.739579346966739,22.409803921568628,1.125,1,1588020,101386,1773301
2012,Summer,SouthCentral,0.04466269696969697,2.6847561047619046,0.5231960202020203,0.05679485185185185,0.2833333333333333,0.3936026936026936,0.08333333333333333,23.71049357656831,0.2097947650901532,7.949283129805519,24.617204396910278,7.712234200876087,9.59468924041251,2.6666666666666665,3,1588020,101386,1773301
2012,Summer,Suisun Bay,0.05333333333333334,NA,0.3844444444444445,0.06999999999999999,0.2,0.45555555555555555,0.13111111111111112,20.314253724878725,7.2644623881548425,7.877777777777777,2.5966666666666667,7.886393372891088,24.405555555555555,1.6111111111111112,2,1588020,101386,1773301
2012,Summer,Suisun Marsh,NA,NA,NA,NA,NA,NA,NA,21.280622009569377,4.657182586424908,7.175,4.05,7.768659924674564,21.72083333333333,1.3333333333333335,1,1588020,101386,1773301
2012,Fall,Confluence,0.07548086666666666,1.2050563333333333,0.2606666666666667,0.052,0.18333333333333335,0.3666666666666667,0.086,18.423330908721397,1.3191379928848244,8.095959974984364,6.556111111111111,7.595072192031551,13.370952380952382,1.375,1,1172810,122993,1340848
2012,Fall,North,0.18265033333333333,0.3643996666666667,0.08242444444444445,0.065,0.17777777777777778,0.48055555555555557,0.09944444444444445,17.645612991985253,0.25649059908559046,8.048073741263728,6.8092424242424245,7.734790426007325,13.524269005847954,1.0185185185185186,1,1172810,122993,1340848
2012,Fall,SouthCentral,0.038287136363636363,2.7765855833333335,0.59024525,0.06515964351851852,0.2833333333333333,0.3768939393939394,0.0949537037037037,19.322299050745247,0.26012743691604057,8.063682709447416,7.487978299571012,7.554022805892947,6.766426607918444,1.75,2,1172810,122993,1340848
2012,Fall,Suisun Bay,0.08666666666666667,NA,0.36333333333333334,0.07888888888888888,0.24444444444444444,0.4444444444444444,0.11888888888888889,18.19052927927928,10.853117503356188,8.144444444444444,1.8836904761904762,7.873583146960345,18.02655172413793,1.1025641025641026,1,1172810,122993,1340848
2012,Fall,Suisun Marsh,NA,NA,NA,NA,NA,NA,NA,17.224188034188035,6.6955887235627465,7.49039393939394,2.4,7.736225531599116,17.293333333333333,1.3333333333333333,1,1172810,122993,1340848
2013,Winter,Confluence,0.14955555555555555,2.033333333333333,0.47488888888888886,0.054,0.197972,0.45555555555555555,0.0928888888888889,10.001347849991223,0.23507675800131156,9.741405362144858,1.8265555344384816,7.38670198103263,34.45809312638581,1,1,2605800,180230,3000450
2013,Winter,North,0.13744444444444445,1.3633333333333333,0.2811111111111111,0.1338888888888889,0.2510866666666667,0.7064923888888889,0.22033333333333333,9.760899943680657,0.27494727388346885,10.039825425025292,3.4906059493440567,7.428933700228289,40.11944444444445,1,1,2605800,180230,3000450
2013,Winter,SouthCentral,0.10074074074074074,4.7,1.114074074074074,0.09703703703703703,0.3416666666666667,0.7074074074074074,0.1514814814814815,9.93022755222556,0.23759565618813414,9.424080200501253,2.7621649029982365,7.5216222036081835,13.337922117537767,1,1,2605800,180230,3000450
2013,Winter,Suisun Bay,0.14466666666666667,NA,0.4504444444444445,0.057777777777777775,0.2177777777777778,0.5022222222222222,0.11111111111111112,10.722295566502464,3.7187664478154168,9.104444444444445,1.5535714285714284,7.503475834834773,21.622222222222224,1,1,2605800,180230,3000450
2013,Winter,Suisun Marsh,NA,NA,NA,NA,NA,NA,NA,9.424166666666666,1.633271631608302,8.554166666666667,2.975,7.404268327198282,12.206666666666667,1,1,2605800,180230,3000450
2013,Spring,Confluence,0.08133333333333333,2.1333333333333333,0.388,0.05466666666666667,0.20833333333333334,0.4533333333333333,0.10333333333333333,16.612799724321544,0.5852618926596727,9.475539965986394,9.326428556063819,7.8377560484804665,25.243030303030302,NA,NA,1141140,183533,1415032
2013,Spring,North,0.24846816666666666,0.8538840666666667,0.1698088888888889,0.06722222222222222,0.2,0.65,0.11388888888888889,17.624724851493788,0.26247491380682375,8.86760160057651,5.779364874249413,7.7871822557736206,20.333333333333332,NA,NA,1141140,183533,1415032
2013,Spring,SouthCentral,0.040126370370370375,1.6852245333333333,0.5353566296296296,0.05901307407407408,0.3,0.5370370370370371,0.0962962962962963,17.525682088514145,0.19382936802074283,8.787578768899523,5.80548253968254,7.668470583961046,9.779834415584416,NA,NA,1141140,183533,1415032
2013,Spring,Suisun Bay,0.08555555555555555,NA,0.4511111111111111,0.07222222222222223,0.22222222222222224,0.45555555555555555,0.11444444444444445,16.44252204585538,7.277193059982885,8.472222222222221,2.8991666666666664,7.880147820223577,20.86,NA,NA,1141140,183533,1415032
2013,Spring,Suisun Marsh,NA,NA,NA,NA,NA,NA,NA,17.0734126984127,2.8593100449291833,7.701944444444445,3.6233333333333335,7.712220116340665,6.683333333333333,NA,NA,1141140,183533,1415032
2013,Summer,Confluence,0.046,2.0666666666666664,0.3606666666666667,0.07400000000000001,0.18871725,0.46,0.098,21.32532186526084,0.8634423727771896,8.938750257997937,2.7310416638520025,7.760397579874032,16.323432663432662,1.8508798391151333,2,1484000,56262,1619389
2013,Summer,North,0.17933364267676768,0.62,0.12862373737373736,0.09492424242424242,0.34770938095238096,0.5820812777777777,0.13625,22.85632751613218,0.24220176095936802,8.621137681159421,3.40636356122566,7.841335933055026,23.968627450980392,1.0833333333333333,1,1484000,56262,1619389
2013,Summer,SouthCentral,0.025472074074074074,0.8909632000000001,0.27006522222222223,0.08185185185185186,0.2765619166666667,0.3728754444444444,0.1037037037037037,24.11435276939237,0.2392475176664711,7.518322285353536,17.226951566951566,7.489640713430486,10.100089786756453,2.655523078796736,3,1484000,56262,1619389
2013,Summer,Suisun Bay,0.057777777777777775,NA,0.43777777777777777,0.09,0.24444444444444444,0.4666666666666667,0.1311111111111111,20.44079493991145,8.302325748414841,8.172222222222222,2.2088888888888887,7.964383461238217,46.26222222222222,1.25,1,1484000,56262,1619389
2013,Summer,Suisun Marsh,NA,NA,NA,NA,NA,NA,NA,21.28325396825397,5.607689989775825,7.618333333333333,10.266666666666667,7.950991411717511,30.541666666666664,1,1,1484000,56262,1619389
2013,Fall,Confluence,0.08666666666666667,1.7,0.34944444444444445,0.07388888888888889,0.11122408333333335,0.3019363888888889,0.09,17.9017627733253,1.5454762332282137,8.787943285887675,2.1028710266134096,7.7655317286907835,13.139096278398604,1.4708333333333334,1,915120,102707,1055152
2013,Fall,North,0.18906295501174145,1,0.24039583333333334,0.10448611111111111,0.3282828282828283,0.5267361111111111,0.13185416666666666,17.321235242413056,0.23311099043383096,8.896314102564101,2.843333258195355,7.822656489665848,11.848245614035088,1,1,915120,102707,1055152
2013,Fall,SouthCentral,0.02724496666666667,0.23245883333333334,0.22720866666666667,0.07066666666666667,0.19064416666666667,0.34390136666666665,0.08866666666666667,18.23193966628648,0.2825080060854284,8.308710317460317,4.29097619047619,7.57489730749749,5.585400591318859,1.5448028673835126,2,915120,102707,1055152
2013,Fall,Suisun Bay,0.09666666666666666,NA,0.42333333333333334,0.09333333333333334,0.2111111111111111,0.45555555555555555,0.12333333333333334,18.137935897435895,10.409849693831516,8.333333333333332,1.9573015873015873,7.962200585897268,19.767816091954025,1.0512820512820513,1,915120,102707,1055152
2013,Fall,Suisun Marsh,NA,NA,NA,NA,NA,NA,NA,18,8.241647995786936,7.118459595959596,1.5599999999999998,7.7454209150857265,13.633333333333333,1.1111111111111112,1,915120,102707,1055152
2014,Winter,Confluence,0.215,2.3555735,0.5800000000000001,0.07055555555555557,0.2416666666666667,0.65,0.10666666666666666,10.205471374824564,2.512727057268586,9.976222222222221,1.9224152890666502,7.59819071778955,17.329030303030304,1,1,751180,76472,869443
2014,Winter,North,0.28459783333333333,2.0281820952380953,0.44813731944444446,0.11699540277777777,0.4777777777777778,0.7972222222222223,0.17291666666666666,9.680917964503932,0.32327930147445,10.47276089422756,5.3639393101316495,7.80016504885372,18.743859649122808,1,1,751180,76472,869443
2014,Winter,SouthCentral,0.06792984814814815,2.9042892777777776,0.9228788481481481,0.06743315555555555,0.35,0.5459259259259259,0.096,10.035799977921085,0.38811338767712233,10.271235705751835,5.653518518518519,7.499832315867999,5.995175546532136,1,1,751180,76472,869443
2014,Winter,Suisun Bay,0.19,NA,0.5477777777777778,0.06777777777777778,0.3333333333333333,0.6777777777777777,0.12111111111111111,10.685227460711332,12.360319578430802,9.772222222222222,2.5877777777777777,7.869776574798341,19.349578544061302,1,1,751180,76472,869443
2014,Winter,Suisun Marsh,NA,NA,NA,NA,NA,NA,NA,10.369408369408369,6.7956966503620055,8.61011655011655,2.75,7.684838171173666,10.873333333333333,1,1,751180,76472,869443
2014,Spring,Confluence,0.11841269841269841,3.1166666666666667,0.63682539682539685,0.08325396825396826,0.3733333333333333,0.6746031746031745,0.14126984126984127,16.886838414472773,0.8613887088717445,8.708632484525342,3.346833321081267,7.581545158872092,19.434242424242424,NA,NA,925360,127191,1123498
2014,Spring,North,0.23473410781381795,2.2233783333333332,0.49227123602484474,0.13525918257802316,0.6222222222222222,0.8515834675254965,0.23250306724944406,18.034615064081546,0.3133406878824445,8.281863625573667,4.028181705474853,8.059251794426986,8,NA,NA,925360,127191,1123498
2014,Spring,SouthCentral,0.04688888888888889,2.353149388888889,0.7757777777777778,0.08311111111111111,0.4601851851851852,0.7033333333333334,0.13166666666666665,17.85017648653291,0.2462503286632931,9.005557033811751,9.116697530864197,7.58451841536015,7.218583394924859,NA,NA,925360,127191,1123498
2014,Spring,Suisun Bay,0.11666666666666667,NA,0.6711111111111111,0.08666666666666667,0.4,0.6666666666666666,0.14444444444444446,16.78800670800671,7.589451745487485,8.55,2.747777777777778,7.858977447042862,19.173333333333332,NA,NA,925360,127191,1123498
2014,Spring,Suisun Marsh,NA,NA,NA,NA,NA,NA,NA,17.21206993006993,2.704207384879266,7.283498168498168,3.8883333333333336,7.605997397404084,14.483333333333334,NA,NA,925360,127191,1123498
2014,Summer,Confluence,0.030878251851851852,2.1,0.39614814814814814,0.07948148148148149,0.2494047619047619,0.41,0.1242962962962963,22.01740157736614,1.8815132625305984,8.189264728059534,2.8959983239177873,7.786005568636566,16.599682274247492,2.1075970100360344,2,815320,27152,924016
2014,Summer,North,0.15929095061728396,0.9894961733333333,0.21503460203340596,0.09277777777777778,0.3351851851851852,0.6234466230936819,0.15277051561365287,23.136352969838182,0.2088115990199562,7.66721302047389,3.8293937992327143,7.715737437665054,21.951703703703703,1.4850574712643678,1,815320,27152,924016
2014,Summer,SouthCentral,0.019387635912698414,0.3772385888888889,0.16501912361111112,0.08881150793650794,0.26,0.44,0.14645833333333333,24.72086472468273,0.35053634401371964,7.174350187625591,7.5727220578703704,7.707487684057582,6.423363145112326,2.8300705467372134,3,815320,27152,924016
2014,Summer,Suisun Bay,0.042222222222222223,NA,0.5433333333333333,0.10333333333333333,0.37777777777777777,0.7000000000000001,0.16333333333333333,20.827066382171644,12.20293503618607,7.816666666666666,2.3666666666666667,7.9360118437865,45.65206349206349,1.1111111111111112,1,815320,27152,924016
2014,Summer,Suisun Marsh,NA,NA,NA,NA,NA,NA,NA,21.671555555555553,9.054834618634336,7.374358974358974,4.1049999999999995,7.866926505570334,25.727272727272727,1.1111111111111112,1,815320,27152,924016
2014,Fall,Confluence,0.05347922222222223,1.6666666666666665,0.4076666666666667,0.09022222222222222,0.1915782857142857,0.36,0.11255555555555556,19.625668083258958,1.969702617835792,8.15472209421403,3.575423278152627,7.626906282837297,12.789927536231884,2.1280487804878048,2,671590,55111,793019
2014,Fall,North,0.18491164197530865,0.9964234133333333,0.21064617102396516,0.09526506899055918,0.3038905050505051,0.529460107480029,0.12747639796659405,18.957984496693406,0.24188769378205235,7.7126053286336305,3.8236362220301743,7.280698178459726,10.626315789473685,1.2469696969696968,1,671590,55111,793019
2014,Fall,SouthCentral,0.03458973333333333,0.2112348,0.23323693888888888,0.08844444444444445,0.20991235555555557,0.35388888888888886,0.1093888888888889,20.067096971827485,0.3818437262328871,7.434269460662976,8.402695084485407,7.531674243085732,4.786265099979386,2.125,2,671590,55111,793019
2014,Fall,Suisun Bay,0.05222222222222222,NA,0.4633333333333333,0.11,0.34444444444444444,0.4666666666666667,0.12777777777777777,19.49982905982906,12.72481152454282,7.622222222222222,2.1966666666666668,7.947754066730324,25.789655172413795,1.2179487179487178,1,671590,55111,793019
2014,Fall,Suisun Marsh,NA,NA,NA,NA,NA,NA,NA,19.138725490196077,9.000999868592585,6.831959706959707,2.1533333333333333,7.588621599026415,20.173333333333332,1.222222222222222,1,671590,55111,793019
2015,Winter,Confluence,0.1838095238095238,2.6833333333333336,0.6200595238095238,0.07226190476190476,0.3811111111111111,0.7547619047619047,0.13964285714285715,11.911287554884892,0.9545819187590482,9.089466786162944,1.427475481251486,7.527552819898539,24.28696264975335,1,1,1858120,90537,2135641
2015,Winter,North,0.21359943977591037,2.471111111111111,0.5332002801120448,0.1338515406162465,0.4444444444444445,0.85434173669467794,0.21135854341736693,11.845674985511899,0.26365234153573225,8.736210317460317,3.602727180249762,8.035715022294262,58.082352941176474,1,1,1858120,90537,2135641
2015,Winter,SouthCentral,0.12256944444444444,4.574856055555555,0.9894661550925926,0.10402777777777777,0.4946153846153846,0.8520833333333333,0.14886574074074074,12.027491264268379,0.33157243092201716,9.139531303749571,3.0662954349698537,7.555545933429653,16.05543745632425,1,1,1858120,90537,2135641
2015,Winter,Suisun Bay,0.18,NA,0.5211111111111111,0.07444444444444445,0.4111111111111111,0.788888888888889,0.13777777777777778,12.563738940144097,7.996825927856713,8.627777777777778,1.1972222222222222,7.628500668563085,25.310651340996166,1,1,1858120,90537,2135641
2015,Winter,Suisun Marsh,NA,NA,NA,NA,NA,NA,NA,12.425794466403161,3.8659413727326526,7.870106837606838,3.7616666666666667,7.492662240987332,9.246666666666666,1,1,1858120,90537,2135641
2015,Spring,Confluence,0.09819444444444445,2.6,0.4834722222222222,0.07208333333333333,0.37063492063492065,0.6532407407407407,0.13898148148148148,17.2015156909773,1.732438084918519,8.718122044917259,5.778074063919209,7.802334101714109,25.632937062937064,NA,NA,664330,56543,881404
2015,Spring,North,0.24465077777777777,1.4653333333333334,0.31765432098765434,0.1080246913580247,0.43333333333333335,0.7666666666666667,0.16987654320987655,18.04033102856742,0.3003208481530498,8.14606782106782,6.729999787590722,8.050282590630347,40.333333333333336,NA,NA,664330,56543,881404
2015,Spring,SouthCentral,0.07261155555555555,1.9751251296296297,0.4405559074074074,0.07442746296296296,0.3876262626262626,0.7925925925925926,0.134375,18.510612494194586,0.3048005380126984,8.664400255427841,11.251691004422003,7.686530096227418,11.212088579171507,NA,NA,664330,56543,881404
2015,Spring,Suisun Bay,0.1,NA,0.48333333333333334,0.08,0.4,0.7333333333333333,0.1411111111111111,16.658360941586746,9.571260817436256,8.422222222222222,2.416111111111111,7.91897874043394,26.57777777777778,NA,NA,664330,56543,881404
2015,Spring,Suisun Marsh,NA,NA,NA,NA,NA,NA,NA,17.288333333333334,4.617741132187599,8.105664335664336,4.806666666666667,7.771354083152282,5.1,NA,NA,664330,56543,881404
2015,Summer,Confluence,0.03913714814814815,1.9999999999999998,0.4185185185185185,0.0822962962962963,0.32916666666666666,0.5048148148148148,0.12451851851851853,21.92952800927524,2.153615365994553,7.937626691386938,3.2281890685711923,7.671182797065078,16.899018136335208,2.019668082286678,2,692220,14165,882004
2015,Summer,North,0.15843813920371985,0.8014763466666667,0.17921367135799393,0.09114202681944618,0.27932022222222225,0.5802416241125918,0.14543371943371944,23.186945405548553,0.20600346470871908,7.240684918064959,3.2984761309850774,7.738388921640779,15.690718599033817,1.6666666666666667,2,692220,14165,882004
2015,Summer,SouthCentral,0.03142995356037152,0.6076501111111111,0.22808555224458205,0.08785345717234262,0.35454545454545455,0.5460010319917441,0.1333172084623323,24.795207956757892,0.4201356784011269,7.0777153346994535,4.817758352758353,7.587076002461152,7.77754319532264,2.6018342820999365,3,692220,14165,882004
2015,Summer,Suisun Bay,0.04782577777777778,NA,0.4877777777777778,0.09777777777777778,0.45555555555555555,0.6666666666666666,0.15444444444444444,21.096675213675212,12.416386108496338,7.8105,3.9527380952380953,7.821360641070307,31.609744008714596,1.1449639684933803,1,692220,14165,882004
2015,Summer,Suisun Marsh,NA,NA,NA,NA,NA,NA,NA,21.974962962962962,10.237513103958184,7.170833333333333,4.666666666666667,7.755489170145834,26.39787878787879,1.0666666666666667,1,692220,14165,882004
2015,Fall,Confluence,0.04688414285714285,1.7833333333333334,0.4367857142857143,0.089005291005291,0.19787495238095237,0.34804232804232804,0.10887301587301587,19.324453161830412,2.268195175747845,8.101684727239048,2.255703702820672,7.583708670153113,13.02090360974082,1.8555555555555556,2,637840,49139,752072
2015,Fall,North,0.18681356683389075,0.9666962755555556,0.23002015770159792,0.07651105536975103,0.33785714285714286,0.5617707172054998,0.12239929394277221,18.223251482566,0.1932669619085133,7.374029038112522,1.8313585575208198,7.64134853259429,7.040651515151515,1.4035087719298245,1,637840,49139,752072
2015,Fall,SouthCentral,0.030568095860566448,0.4041601111111111,0.268142114379085,0.08106100217864924,0.24941077441077442,0.3804575163398693,0.10782570806100218,19.395538051325058,0.3559387009436021,7.693660315637928,5.421376986742841,7.5714426770527,7.404150495602401,1.8148148148148147,2,637840,49139,752072
2015,Fall,Suisun Bay,0.029530555555555556,NA,0.4777777777777778,0.09888888888888889,0.3961483333333333,0.5333333333333333,0.12444444444444444,19.567573361823364,13.099067448478321,7.776388888888889,1.4344444444444444,7.863998322625205,19.671264367816093,1.0574712643678161,1,637840,49139,752072
2015,Fall,Suisun Marsh,NA,NA,NA,NA,NA,NA,NA,18.895208333333333,8.128814241030422,7.000512820512821,3.2083333333333335,7.629624005644309,19.73333333333333,1.1333333333333333,1,637840,49139,752072
2016,Winter,Confluence,0.14355555555555555,2.7166666666666663,0.5748148148148148,0.05818518518518519,0.3323412698412698,0.6648148148148147,0.11137037037037037,10.651914148174313,1.4241977632501563,9.848710635769459,3.6773842513119734,7.682948357266698,21.020873015873015,1.0555555555555556,1,1790140,104704,1995033
2016,Winter,North,0.2039544030651341,2.318111111111111,0.44173180076628354,0.08530651340996169,0.38,0.7668582375478927,0.16019157088122604,10.442525902697776,0.2498815388779821,9.430847564832385,2.5864934883282813,7.687836808712355,18.643131313131313,1.0166666666666666,1,1790140,104704,1995033
2016,Winter,SouthCentral,0.09673245614035088,3.0690150555555555,0.7042021096491229,0.05908198464912281,0.43923076923076926,0.7218201754385966,0.12200657894736842,10.89675183284561,0.29778897174146823,9.88768422788788,5.577831079365079,7.8096059706656495,13.486172948458663,1,1,1790140,104704,1995033
2016,Winter,Suisun Bay,0.13577777777777778,NA,0.5135555555555555,0.07044444444444445,0.35333333333333333,0.6666666666666666,0.11577777777777779,10.950414644529587,8.012687968296163,9.492063492063492,1.4816931216931217,7.726853965594734,20.93777777777778,1,1,1790140,104704,1995033
2016,Winter,Suisun Marsh,NA,NA,NA,NA,NA,NA,NA,10.534565217391304,4.47901897748017,8.99047619047619,2.345,7.544948819297227,13.68,1,1,1790140,104704,1995033
2016,Spring,Confluence,0.08521161904761905,1.2833333333333334,0.27103174603174607,0.04515873015873016,0.25833333333333336,0.553968253968254,0.1103968253968254,16.49327461155704,0.285648137192432,9.24204347826087,18.95256191160657,7.866003974596514,19.427441077441078,1,1,2663800,175431,3314549
2016,Spring,North,0.14542065295815296,1.0961065333333333,0.19790122546897546,0.0919011544011544,0.2777777777777778,0.7140692640692641,0.17511904761904762,17.542237882189312,0.22797161402610502,7.815319217248398,7.573479664874769,7.788715564377823,17.734166666666667,1,1,2663800,175431,3314549
2016,Spring,SouthCentral,0.051780603921568635,2.0776703333333333,0.37911908627450985,0.06543137254901961,0.3718181818181818,0.6562254901960785,0.12275000000000001,17.87982431215418,0.2011819648385408,9.244226305609285,8.724302867383512,7.772506435400791,11.358569466595782,1,1,2663800,175431,3314549
2016,Spring,Suisun Bay,0.09577777777777778,NA,0.31444444444444447,0.05266666666666667,0.30666666666666664,0.52,0.1148888888888889,16.509750796054675,3.221644790514933,8.866666666666667,7.817354497354497,7.8963190130519765,29.133333333333333,1,1,2663800,175431,3314549
2016,Spring,Suisun Marsh,NA,NA,NA,NA,NA,NA,NA,17.089964726631393,1.7413703152030242,7.416468253968254,5.585000000000001,7.718290370564471,5.8,1,1,2663800,175431,3314549
2016,Summer,Confluence,0.07541880341880342,1.45,0.22672649572649575,0.0545982905982906,0.1822261794871795,0.3885470085470086,0.09264957264957266,21.555434053743838,0.6701184205548936,8.392726469857825,7.23624895231666,7.675098379828798,25.39837837837838,2.2820228866740493,2,1571300,36801,1696742
2016,Summer,North,0.12608728015350879,0.35058276,0.09790188998538012,0.23404879385964913,0.36564351856476857,0.5897881627256547,0.34382827729044835,22.4741693127668,0.18369813045277225,7.797959275922967,4.203318656223064,7.666691125643301,19.963615942028987,1.4705882352941178,1,1571300,36801,1696742
2016,Summer,SouthCentral,0.023069866666666668,0.32487166666666667,0.11225953333333333,0.07133333333333333,0.25725675,0.5033333333333334,0.11566666666666667,24.26627070014146,0.2004293424531364,7.841442343344457,28.16570634920635,7.658467165501997,11.8704038082294,2.8596491228070176,3,1571300,36801,1696742
2016,Summer,Suisun Bay,0.05555555555555556,NA,0.2822222222222222,0.06888888888888889,0.2777777777777778,0.5,0.11888888888888889,20.736241993873573,8.221060972144112,8.369047619047619,2.751984126984127,7.884931263817108,42,1.288888888888889,1,1571300,36801,1696742
2016,Summer,Suisun Marsh,NA,NA,NA,NA,NA,NA,NA,21.506668755221387,5.373355482318703,7.308333333333334,5.390000000000001,7.858708486429833,37.4172619047619,1.0416666666666667,1,1571300,36801,1696742
2016,Fall,Confluence,0.10396464646464647,1.6500000000000001,0.3787121212121212,0.09474747474747475,0.21074074074074076,0.3939393939393939,0.1032070707070707,18.321482823949808,1.640278711164133,8.54285540810131,1.8619814814814815,7.544491461330826,12.436837209302325,1.6094771241830066,2,1311250,81109,1450736
2016,Fall,North,0.14303716205533598,0.7890180133333333,0.17858201229688186,0.14331181379007465,0.2988756613756614,0.4793631971892841,0.16047123407992975,17.61502159072597,0.15311738521537863,8.369319858476363,2.2896252100840337,7.724894490630498,8.176021645021645,1.2175438596491228,1,1311250,81109,1450736
2016,Fall,SouthCentral,0.04204122727272727,0.7062807777777778,0.27619208181818183,0.08033333333333334,0.2616666666666667,0.3881818181818182,0.1013030303030303,19.20746299309908,0.27707586027693415,8.298111888111888,13.556951088127558,7.6414064584676265,9.042958622972526,2.790790790790791,3,1311250,81109,1450736
2016,Fall,Suisun Bay,0.09222222222222222,NA,0.4211111111111111,0.10222222222222221,0.34444444444444444,0.5333333333333333,0.1577777777777778,18.172731753014013,10.471834619156057,8.331714285714286,2.08752380952381,7.763208526398324,15.181187739463603,1.011111111111111,1,1311250,81109,1450736
2016,Fall,Suisun Marsh,NA,NA,NA,NA,NA,NA,NA,18.18875816993464,7.4666567987919,7.229365079365079,1.9966666666666666,7.5082369307999794,20.313333333333333,1,1,1311250,81109,1450736
2017,Winter,Confluence,0.11738215488215488,2.466666666666667,0.4134385521885522,0.06754208754208754,0.24285714285714285,0.4759680134680135,0.09056397306397307,10.082386586206349,0.5078723367993294,10.346470238095238,2.708909090909091,7.341748113632268,18.636447811447812,1,1,5629200,1257728,13772151
2017,Winter,North,0.0750211602731764,1.5258947368421054,0.2862783347863993,0.09117453138622493,0.1971690634920635,0.47451494444747166,0.14325296970357454,9.644194821308671,0.11673918549783747,10.175277479082142,3.216722408026756,7.549500115573605,47.471944444444446,1,1,5629200,1257728,13772151
2017,Winter,SouthCentral,0.0705529090909091,3.0444444444444443,0.7298007575757576,0.09424242424242424,0.36666666666666664,0.6063636363636364,0.1213030303030303,10.488182671540946,0.19634407292296902,9.75413867433766,2.248687145969499,7.417316078883348,18.04938714767983,1,1,5629200,1257728,13772151
2017,Winter,Suisun Bay,0.11666666666666667,NA,0.4088888888888889,0.07333333333333333,0.24444444444444444,0.4666666666666667,0.1511111111111111,10.58583429219171,3.3516208114658173,10.274190476190476,2.555761904761905,7.487033296930314,27.262301587301586,1,1,5629200,1257728,13772151
2017,Winter,Suisun Marsh,0.09,NA,0.405,0.095,0.4,0.65,0.235,10.39725640781109,1.9528069813649922,8.801848739495798,2.6733333333333333,7.508172610608766,10.283333333333333,1,1,5629200,1257728,13772151
2017,Spring,Confluence,0.05811111111111111,0.8,0.23199999999999998,0.05522222222222222,0.19354977380952382,0.27666666666666667,0.06922222222222223,15.133218793910196,0.07325438160184083,10.106603472744725,3.0913823529411766,7.38845042507893,13.585925925925926,1,1,5588700,2221100,9661713
2017,Spring,North,0.04158480976430976,0.81006716,0.18878701683501684,0.06751683501683502,0.2123809523809524,0.3969857811447811,0.10040404040404041,15.666839766389556,0.17313111781562976,9.942668117374392,6.602853535353535,7.792807912871823,33.90833333333333,1,1,5588700,2221100,9661713
2017,Spring,SouthCentral,0.02615942424242424,1.1851242777777777,0.305056,0.0706710606060606,0.2733333333333333,0.36137048484848483,0.08848484848484849,15.693882127048733,0.07702249389177483,9.362527777777778,3.1223275862068967,7.342888106592564,14.069635642135642,1,1,5588700,2221100,9661713
2017,Spring,Suisun Bay,0.05416666666666667,NA,0.23750000000000002,0.05333333333333333,0.21230458333333335,0.25833333333333336,0.065,15.379279905969376,0.210421168878322,9.844848646723646,4.245,7.512436783335264,17.7025,1,1,5588700,2221100,9661713
2017,Spring,Suisun Marsh,0.085,NA,0.2833333333333333,0.08166666666666667,0.5333333333333333,0.7,0.15666666666666668,16.593222220102945,0.4596841931197064,8.016137566137566,9.3,7.538457843751718,4.566666666666666,1,1,5588700,2221100,9661713
2017,Summer,Confluence,0.08005555555555556,0.75,0.3328888888888889,0.05377777777777778,0.15673610833333335,0.2855292222222222,0.08633333333333335,21.83037990799307,0.35516429500860003,8.899065985121661,5.792129054520359,7.367106653201446,16.31827485380117,1.069767441860465,1,1869400,813910,2860097
2017,Summer,North,0.10152922878877478,0.3860231333333333,0.23606281835845572,0.14097001806237755,0.3140712073412698,0.47461515873015875,0.17649437008966823,22.856547852057215,0.22723765622247818,7.903099757280447,4.1112286732874965,7.738745545490792,15.21536231884058,1,1,1869400,813910,2860097
2017,Summer,SouthCentral,0.03005230303030303,0.5112625555555556,0.6010370303030302,0.07407012121212121,0.23683680000000001,0.3917466666666667,0.09090909090909091,22.30144323791599,0.08433921157215021,8.176474112197633,6.39318108974359,7.2711979412768715,13.483185295578739,1.0512820512820513,1,1869400,813910,2860097
2017,Summer,Suisun Bay,0.061888888888888896,NA,0.23294444444444445,0.06672222222222222,0.11779137777777779,0.26166666666666666,0.078,21.290932838229097,3.5005173764073896,8.837142857142856,3.280952380952381,7.823430561581911,44.450952614379084,1,1,1869400,813910,2860097
2017,Summer,Suisun Marsh,0.04,NA,0.3925,0.12,0.3,0.5,0.18,21.963855253045438,1.946791344995874,7.406160310277957,6.4275,7.806216365749777,52.2375,1,1,1869400,813910,2860097
2017,Fall,Confluence,0.09696969696969697,1.3166666666666667,0.31193939393939396,0.06760606060606061,0.1331036851851852,0.286969696969697,0.0723939393939394,18.13706371294579,0.5013014087377248,8.703115896438648,2.0013234119036842,7.526158244188144,11.26657586062969,1.5100601295097134,2,1460800,242900,1807925
2017,Fall,North,0.11914697385620915,0.57991784,0.23426997930283222,0.08649732620320856,0.21095238095238095,0.3742437993662111,0.09587987720340661,17.323628773151736,0.13823281666826373,8.65689782951103,2.092235409322366,7.59354132665493,13.477365757365757,1,1,1460800,242900,1807925
2017,Fall,SouthCentral,0.03234910813492063,1.0095769772727272,0.5293533654761905,0.0803373015873016,0.21372416666666666,0.30841589206349207,0.08883730158730159,17.834290565684046,0.1254296201343145,8.649061448377978,3.5818994053061717,7.460551448290889,7.260717647058824,1.3075225225225224,1,1460800,242900,1807925
2017,Fall,Suisun Bay,0.10944444444444444,NA,0.3627777777777778,0.08388888888888889,0.11023222222222222,0.28055555555555556,0.09527777777777778,18.427113145005574,6.615065638125339,8.584626175673522,1.955811965811966,7.71316221856777,21.0103345484656,1.0444444444444445,1,1460800,242900,1807925
2017,Fall,Suisun Marsh,0.11833333333333333,NA,0.3883333333333333,0.09666666666666666,0.25,0.4333333333333333,0.11333333333333334,18.370294293801415,5.102919899901227,7.244828722002635,3.2981349206349204,7.542256087363433,26.980787037037036,1.1333333333333333,1,1460800,242900,1807925
2018,Winter,Confluence,0.1677922077922078,2.3,0.4949206349206349,0.07265873015873016,0.25779276296296294,0.4405483405483406,0.08048340548340549,10.984073194054492,0.9144294729535073,9.864866254105289,1.5907007756710618,7.5217617361233495,15.794669267930137,1,1,1389700,196960,1653089
2018,Winter,North,0.16529722737175678,1.564,0.32819271142800555,0.12044243810655576,0.41642009523809526,0.5588012047435136,0.1399267181620123,10.51651970188773,0.2534209458951344,10.131946920726957,2.430262725779967,7.744108973444222,14.850222222222222,1,1,1389700,196960,1653089
2018,Winter,SouthCentral,0.04404242613636364,1.9266846111111113,0.8005706818181818,0.0831534090909091,0.3611111111111111,0.44734848484848483,0.09394886363636364,10.683859449627343,0.23191374801067557,10.164955581103678,1.8426883570761396,7.667687083701473,9.033146384479718,1,1,1389700,196960,1653089
2018,Winter,Suisun Bay,0.17666666666666667,NA,0.4966666666666667,0.0811111111111111,0.06956677777777778,0.3222222222222222,0.08333333333333333,11.557311747853328,7.891148752530214,9.345621693121693,1.8515873015873017,7.688946379276694,23.728620689655173,1,1,1389700,196960,1653089
2018,Winter,Suisun Marsh,0.22,NA,0.6466666666666666,0.08333333333333333,0.48333333333333334,0.8,0.135,11.25516284944963,4.35657341762546,8.585763636363636,2.72,7.496830638733956,13.416666666666666,1,1,1389700,196960,1653089
2018,Spring,Confluence,0.10446428571428572,1.7166666666666666,0.3388392857142857,0.06267857142857143,0.23299325324675324,0.40535714285714286,0.0725,15.407580778767064,0.2413446940001054,9.583928665481599,2.9209444444444443,7.662307695429801,14.245084175084175,1,1,2224880,487550,2940037
2018,Spring,North,0.131711047014322,0.90299672,0.20551657426657427,0.11634984984984985,0.31354858571428573,0.5459973434973435,0.14200317625317627,16.48796533258045,0.2507447977940992,8.803071239187531,3.585112554112554,7.863347073359618,15.16095238095238,1,1,2224880,487550,2940037
2018,Spring,SouthCentral,0.04302716873706004,1.6140950555555555,0.511920271221532,0.090038994478951,0.332636504456328,0.5192460317460317,0.11076949620427881,16.16428039587954,0.1528484429824398,9.308064153969527,2.991474642488574,7.629266635520369,16.21360844017094,1,1,2224880,487550,2940037
2018,Spring,Suisun Bay,0.08213095238095239,NA,0.3369285714285714,0.059904761904761905,0.26626214285714284,0.5171428571428571,0.09941666666666667,15.270181401230447,3.0768545942112926,9.723005698005698,3.9783333333333335,7.758620472106855,22.321944444444444,1,1,2224880,487550,2940037
2018,Spring,Suisun Marsh,0.12316666666666667,NA,0.9936666666666666,0.15566373333333333,0.625,1.0666666666666667,0.281,15.80597051940718,1.2414501247208145,8.370466666666667,6.703333333333333,7.673047071909531,13.466666666666667,1,1,2224880,487550,2940037
2018,Summer,Confluence,0.066829,2.7583333333333333,0.2986388888888889,0.07784722222222222,0.17375736111111112,0.3007222222222222,0.08798611111111111,21.655423671157106,0.6907624950934849,8.08268890256897,3.4276421362006144,7.648840067740385,14.63866250866251,2.106540583136328,2,1410100,79282,1579679
2018,Summer,North,0.11319197710720652,0.49781669333333334,0.11828500776674306,0.14509303115185468,0.35104098412698415,0.42760444783974194,0.1595309396485867,22.429475424325783,0.15986623491327276,7.786003770531844,2.3482756985338296,7.790046772517401,13.92689393939394,1.011111111111111,1,1410100,79282,1579679
2018,Summer,SouthCentral,0.02551918253968254,1.5635415685185186,0.16473176984126983,0.08363492063492063,0.20555555555555555,0.3723968253968254,0.09407142857142857,24.05391775751299,0.1925241027015658,7.897179487179487,8.552815964523282,7.654836272295561,8.77475092645533,2.462749318012476,2,1410100,79282,1579679
2018,Summer,Suisun Bay,0.05422222222222223,NA,0.4126666666666667,0.09788888888888889,0.16158433333333333,0.33222222222222225,0.11022222222222222,20.465002368754455,8.01938900376405,8.109738841405507,2.6706212121212123,7.850132760852895,37.88444444444444,1.2444444444444445,1,1410100,79282,1579679
2018,Summer,Suisun Marsh,0.05216666666666667,NA,0.6566666666666667,0.17833333333333334,0.35833333333333334,0.5416666666666666,0.2031666666666667,21.360220648824267,4.3448756581815315,7.427932712215321,3.0308333333333333,7.807435755400361,36.073214285714286,1.1666666666666667,1,1410100,79282,1579679
2018,Fall,Confluence,0.09475518476621418,0.9166666666666667,0.32932060708898947,0.08177799773755656,0.11062035194805195,0.2802605580693816,0.08824726621417799,17.856197326477044,1.5401116006217863,8.58891741816418,1.5918099198869646,7.67803467439977,8.527833418935113,1.8334164401336142,2,1140840,135429,1349994
2018,Fall,North,0.12891350757375022,0.7806545435897436,0.21868817510157215,0.15483887471294824,0.3305025858585859,0.43515399222752166,0.17694530559971736,17.488864895842017,0.17766140677173933,8.25594025940985,2.1055690806451612,7.775668706299103,6.204100949439487,1.0230983671843887,1,1140840,135429,1349994
2018,Fall,SouthCentral,0.035144275974025974,2.3934985205128205,0.3839083261183261,0.08897678787878788,0.19133333333333333,0.3375281385281385,0.10208369408369408,18.28646794802702,0.2613987479737271,8.53088261230418,4.528080647619047,7.718701794109979,4.927034328757214,1.7560386473429952,2,1140840,135429,1349994
2018,Fall,Suisun Bay,0.08894108333333334,NA,0.34425,0.08568475,0.06005791666666667,0.2554166666666667,0.09741666666666667,17.592953929002302,11.337083699703125,8.274178603320394,2.788293269230769,7.842755764623152,15.142306883137504,1.0198275862068966,1,1140840,135429,1349994
2018,Fall,Suisun Marsh,0.14555555555555555,NA,0.5287222222222223,0.16972222222222222,0.5933333333333334,0.6822222222222222,0.22177777777777777,17.58355124328525,6.826085769869306,7.589861111111111,5.076653439153439,7.688134921541841,14.534607843137255,1,1,1140840,135429,1349994
2019,Winter,Confluence,0.16412083333333333,2.055,0.7006291666666666,0.07735,0.3143452380952381,0.4981041666666666,0.0997125,10.297221707362992,0.7083524370762273,9.433890732527097,1.415162037037037,7.577704604485093,14.81310606060606,1,1,2994900,332700,4068423
2019,Winter,North,0.1340915555847339,2.2540628571428574,0.44428182317927173,0.1366791118697479,0.37666666666666665,0.6773940826330532,0.2067513130252101,10.249014869506052,0.20065094301239841,9.007429079234033,3.952328431372549,7.61509222827156,32.728833333333334,1,1,2994900,332700,4068423
2019,Winter,SouthCentral,0.09497513636363637,4.173703703703704,0.8439774545454546,0.1296691606060606,0.446,0.5976515151515152,0.13445454545454547,10.554539105588587,0.26452670280043855,9.397992941712204,1.4583230742105264,7.622180574212025,10.013330428192496,1.0087719298245614,1,2994900,332700,4068423
2019,Winter,Suisun Bay,0.1337395,NA,0.476,0.07922222222222222,0.1869061111111111,0.4257222222222222,0.11588888888888889,10.696730435477786,5.759399760070063,9.270522192749779,1.413968253968254,7.5831354253146275,15.605363984674328,1,1,2994900,332700,4068423
2019,Winter,Suisun Marsh,0.17777777777777778,NA,0.6343888888888889,0.11733333333333333,0.3761111111111111,0.7357222222222223,0.18944444444444444,10.489198423378213,2.1804273657165374,8.69688861862775,2.367222222222222,7.549453740734745,7.2666666666666675,1,1,2994900,332700,4068423
2019,Spring,Confluence,0.048578482905982906,0.9,0.1994877344877345,0.04939927489177489,0.15854915617715618,0.30223304473304474,0.06959126984126984,14.93566637880775,0.07607045837764918,9.45787668128655,2.524087023193406,7.662345849931592,13.679471326164874,1,1,5209100,1195560,8264812
2019,Spring,North,0.05239496842105263,1.2369687619047618,0.2522423478958835,0.08162123582922448,0.25982355952380953,0.4371068001758208,0.13256388793334098,15.97662502806895,0.19379482859963343,9.193813516209183,4.811027800269906,7.8603805320807725,20.385925925925925,1,1,5209100,1195560,8264812
2019,Spring,SouthCentral,0.02572657037037037,1.4253835978835978,0.34959723703703705,0.06394941481481482,0.2697777777777778,0.34545185185185184,0.07302592592592592,15.162983504037731,0.09541651840422317,9.5589553554758009,1.6981240537529139,7.485517022128924,10.761763440860214,1,1,5209100,1195560,8264812
2019,Spring,Suisun Bay,0.05102853611111111,NA,0.24109148717948717,0.06864162440645774,0.20897013333333334,0.3360570750237417,0.1017863247863248,15.257226397565828,0.18321822075900213,9.520136653895275,2.7832546296296297,7.773640843934857,16.692307692307693,1,1,5209100,1195560,8264812
2019,Spring,Suisun Marsh,0.0886355,NA,0.38132058558558557,0.13489844144144145,0.6372222222222222,0.866288963963964,0.2496141891891892,16.25993554716164,0.5677114930604177,8.09069964349376,3.553425925925926,7.539886657698843,29.636235294117647,1,1,5209100,1195560,8264812
2019,Summer,Confluence,0.04888051851851852,0.8300000000000001,0.18887037037037036,0.058496,0.14405672095959596,0.2584537037037037,0.06736481481481482,21.929257555762383,0.3711375626043591,8.200967762379584,1.6512728243751882,7.5390192144635195,9.475311475409836,1.2432432432432432,1,2095300,578400,2882577
2019,Summer,North,0.09369578802265534,0.4115675714285714,0.2698311375661375,0.15223675,0.3148232724358974,0.4545779405779406,0.18135714285714286,22.79167286779831,0.1887430266605884,7.588596046590305,2.489468702612673,7.784858612961229,10.138410533295444,1,1,2095300,578400,2882577
2019,Summer,SouthCentral,0.03218804894179894,1.4840513015873016,0.17984093055555556,0.07769047619047618,0.20333333333333334,0.28848941798941796,0.08217526455026455,22.886843369923568,0.09221834215141406,8.20506262359921,6.0412881984126985,7.433238088312939,9.125022222222222,1.452607709750567,1,2095300,578400,2882577
2019,Summer,Suisun Bay,0.033348583333333334,NA,0.20280555555555557,0.06805555555555556,0.1171048888888889,0.2426722222222222,0.0771388888888889,21.35464509597218,3.618750176091886,8.301430414449282,1.9683076923076923,7.720993572378004,24.110574568376425,1.0888888888888888,1,2095300,578400,2882577
2019,Summer,Suisun Marsh,0.04299058333333333,NA,0.30283333333333334,0.15558333333333335,0.3466666666666667,0.5631666666666667,0.21416666666666667,22.387786089556684,1.9850765588476753,7.060826936515616,3.3955892255892253,7.467037716302482,38.09102453102453,1.0833333333333333,1,2095300,578400,2882577
2019,Fall,Confluence,0.0975610188034188,NA,0.22831122564102566,0.06728217692307692,0.1805962170940171,0.27296160372960376,0.06857187288267289,17.69622680760077,0.7115310483961091,8.858254551820728,1.1906409277825352,7.737791020361422,8.98376377688172,1.4796224796224795,1,1387430,222170,1692089
2019,Fall,North,0.11696371461988304,0.5737749523809523,0.2981141488447695,0.12021547509578544,0.35218425333333336,0.42460493827160495,0.1534479071171485,17.225149730910097,0.16265850222690967,8.690941001957045,1.611356586076519,7.760915481012954,9.295486468831653,1,1,1387430,222170,1692089
2019,Fall,SouthCentral,0.047797791666666666,2.95339245,0.2912044107142857,0.07936748412698413,0.18805300000000003,0.2646004642857143,0.07858833333333333,17.891727535980724,0.13573307799718012,8.65536789634761,2.6076048435746353,7.5612056477916125,4.433391053391054,1.7128733572281958,2,1387430,222170,1692089
2019,Fall,Suisun Bay,0.09602027222222223,NA,0.6138510555555555,0.07571957777777777,0.2361915888888889,0.31239795000000004,0.10023888888888889,17.764436143074462,6.4790434405379465,8.413769972194167,1.2009450396825396,7.712791255095832,23.98747900088417,1.0607890499194848,1,1387430,222170,1692089
2019,Fall,Suisun Marsh,0.17011011111111113,NA,0.6764444444444444,0.24911111111111112,0.4834603333333333,1.2354893333333332,0.26055555555555554,17.639857336473646,4.010255635306698,7.633251249933277,2.2952178649237474,7.515883103668027,25.63819841269841,1.2777777777777777,1,1387430,222170,1692089
2020,Winter,Confluence,0.1409414081996435,NA,0.4007489803921569,0.061447852941176474,0.2941666666666667,0.3881838235294118,0.06470227573529412,10.641671688228852,1.4177874962255819,10.297583514887437,1.6213398814192344,7.652473970500492,14.337830112721416,1,1,1505900,248030,1815985
2020,Winter,North,0.14182798356676005,1.8899841269841269,0.4807778023809524,0.10521965238095238,0.40755555555555556,0.5447738095238095,0.14675103223443223,10.643962113897368,0.2238235885113463,9.91370944192132,1.772804875,7.654929368971447,13.421626984126984,1,1,1505900,248030,1815985
2020,Winter,SouthCentral,0.09844644444444445,3.5483107222222223,0.7961184074074074,0.07483952314814815,NA,0.3698234814814815,0.08356976851851852,10.678223323274489,0.201568369022192,10.254249329667719,3.480817907407407,7.64190401908463,6.651005111446288,1,1,1505900,248030,1815985
2020,Winter,Suisun Bay,0.12188530555555557,NA,0.4114143333333333,0.065073,0.2,0.4297407407407407,0.08186586111111112,11.173449460918652,7.378683799566079,9.83797961469534,1.7638888888888888,7.690960591018926,22.133333333333333,1,1,1505900,248030,1815985
2020,Winter,Suisun Marsh,0.17221444444444445,NA,0.5471707222222222,0.11766141666666667,1.1,0.7246527777777778,0.16263766666666668,10.58823731718627,3.1010297183226845,9.409065700483092,2.705277777777778,7.656518429161309,31.286666666666665,1,1,1505900,248030,1815985
2020,Spring,Confluence,0.11877364285714286,NA,0.35813008333333335,0.06375,0.27,0.3443302916666667,0.080541625,16.747251722157735,1.1290895799495182,8.926912351977828,1.8857142857142857,7.698166480692637,8.345804874138208,1.3333333333333333,1,1055430,178770,1326916
2020,Spring,North,0.2574686025641026,0.7,0.2566762727272727,0.09449827272727274,0.5333333333333333,0.5909090909090909,0.11727272727272728,16.993835970278887,0.1965700253414491,9.030655482747179,1.4509515950483092,7.9103007044670886,5.087059523809524,1,1,1055430,178770,1326916
2020,Spring,SouthCentral,0.0493455,2.579222222222222,0.23512466666666665,0.043240125,NA,0.41291666666666665,0.078469,17.439566760267112,0.19324025022228528,8.887787688910175,1.5611400912698412,7.617085892522946,4.804901180631404,1.2547008547008547,1,1055430,178770,1326916
2020,Spring,Suisun Bay,0.14658866666666667,NA,0.5726666666666667,0.0714,NA,0.4210676,0.0958382,16.167093857788604,6.612040352655799,8.810435729847494,1.892323717948718,7.713766248952409,20.30736111111111,1,1,1055430,178770,1326916
2020,Spring,Suisun Marsh,0.15764233333333333,NA,0.5045172413793103,0.04498641379310345,NA,0.7052068965517242,0.11418075862068966,17.165886482803696,1.9190128825123034,8.36105578531385,3.8194486215538848,7.632538214100739,31.99388888888889,1,1,1055430,178770,1326916
2020,Summer,Confluence,0.04058417948717949,NA,0.2641208376068376,0.07158945299145299,0.17311278205128205,0.30351923076923076,0.08315384615384616,22.373533079590334,1.1091010085978874,7.981295873015872,1.9993285917496444,7.709005145199312,8.256762943539682,2.3969619388974226,2,1218200,88747,1338415
2020,Summer,North,0.14713997685185184,0.012866,0.14905726065162908,0.17446343295739347,0.2767344736842105,0.47001780626780626,0.19751315789473686,22.53145687128101,0.15116882853775576,7.526845354040537,1.428841160778032,7.776309894554727,9.289493031043264,1.7812878787878788,2,1218200,88747,1338415
2020,Summer,SouthCentral,0.024622791666666668,1.5946405666666668,0.21293506944444446,0.09413079365079366,0.266,0.370875,0.10530555555555556,24.231872329855936,0.16620009860496757,7.1780004216392594,6.1074907060207995,7.55569155517404,5.210591550623218,2.818561296859169,3,1218200,88747,1338415
2020,Summer,Suisun Bay,0.040683755555555555,NA,0.3037385111111111,0.08857526666666667,0.18511111111111112,0.2577777777777778,0.10244444444444445,21.099762506764343,9.446067433439264,8.064722903453136,2.4128276577777776,7.710283166395455,19.136746753246754,1.9592592592592593,2,1218200,88747,1338415
2020,Summer,Suisun Marsh,0.06458333333333334,NA,0.3735,0.11716666666666667,0.38333333333333336,0.5078333333333334,0.14483333333333334,21.950637288298925,6.227284116408915,7.476517170650597,5.184615740740741,7.718406821344815,21.22893951833607,1.481060606060606,1,1218200,88747,1338415
2020,Fall,Confluence,0.050699470707070704,NA,0.24442222222222224,0.07827235555555555,0.18089479191919192,0.2708828282828283,0.11735151515151515,18.589613131698865,2.5461515902305694,8.41918322339599,2.042111970697832,7.824368733431216,8.072026231054515,1.8232804232804232,2,869100,84865,981081
2020,Fall,North,0.14565966959064328,0.3006333333333333,0.3078044596949891,0.2005792211328976,0.22319050370370372,0.40672875816993465,0.19926579520697169,17.970983637241496,0.16238014393677325,8.304164064874136,1.9282037095856523,7.853019657040225,8.395503718728872,1.0158730158730158,1,869100,84865,981081
2020,Fall,SouthCentral,0.02656641666666667,5.69502925,0.440171375,0.11189391071428571,0.23133333333333334,0.3338333333333333,0.11020833333333334,18.6457072264327,0.268701872196403,8.244156156156157,2.8642196476158643,7.619491724620522,2.766395929645571,1.960144927536232,2,869100,84865,981081
2020,Fall,Suisun Bay,0.08433333333333333,NA,0.2865111111111111,0.09502233333333333,0.1792116,0.4081111111111111,0.11186666666666667,18.2229360796526,12.722581562044411,7.924369219385867,2.4856788003663004,7.80062475155354,15.443353828561376,1.2413793103448276,1,869100,84865,981081
2020,Fall,Suisun Marsh,0.11366666666666667,NA,0.2916666666666667,0.07966666666666668,0.25666666666666665,0.4466666666666667,0.1125,18.13953763674464,7.346240564379354,7.684001788067006,3.600483194677871,7.6049132381328235,17.434048202614377,1.5333333333333334,2,869100,84865,981081
2021,Winter,Confluence,0.09875,NA,0.34,0.077,0.11658025,0.27025,0.081,10.5812589790517,3.5930008533735336,9.872830106401535,1.5751388888888889,7.770870023315007,11.587297297297297,1.054054054054054,1,885140,103724,1028972
2021,Winter,North,0.201044,0.8,0.12625,0.08375,0.18,0.4,0.09,10.2055547297964,0.1270188503861585,10.506159844054581,1.6457142857142855,7.7621048168671605,16.16111111111111,1,1,885140,103724,1028972
2021,Winter,SouthCentral,0.12206924999999999,1.20813625,0.858338125,0.0477745,0.20666666666666667,0.13983099999999998,0.050808,10.366639244970184,0.3143081809538696,10.182107034089793,2.3482384305555555,7.59435263932223,4.7214285714285715,1.0367521367521368,1,885140,103724,1028972
2021,Winter,Suisun Bay,NA,NA,NA,NA,NA,NA,NA,11.146640282531656,10.13666236890428,9.766438596491229,2.25,NA,13.265384615384615,1,1,885140,103724,1028972
2021,Winter,Suisun Marsh,NA,NA,NA,NA,NA,NA,NA,10.48412699548025,5.91525075926748,9.41285575048733,2,NA,19.533333333333335,1,1,885140,103724,1028972
2021,Spring,Confluence,0.07399926282051282,NA,0.4342905982905983,0.08422435897435897,0.23036324786324788,0.39456410256410257,0.09176709401709401,15.790079200316036,2.142141874726649,9.360169749191348,3.451744529695936,7.8431982318833455,16.59784656084656,1.0256410256410255,1,749890,93567,889624
2021,Spring,North,0.09770068070175439,0.07331166666666666,0.2967228823529412,0.11882180610021786,0.377318562962963,0.49891013071895424,0.1401132897603486,16.893629329233473,0.2001515443005223,8.96733466077194,2.510160959055147,7.974982398706851,8.545628182530356,1,1,749890,93567,889624
2021,Spring,SouthCentral,0.04692732158119658,NA,0.7460671393939394,0.12210079365079365,0.38766666666666666,0.5175213675213676,0.10974465811965811,16.958896755115536,0.249254828460132,9.894589240530472,4.821667957242678,7.755651573619071,3.600834345317104,1.1117097701149425,1,749890,93567,889624
2021,Spring,Suisun Bay,0.10130113888888889,NA,0.44807991666666663,0.08700658333333333,0.16400537499999998,0.40470833333333334,0.11520833333333333,15.36372329986906,9.60422673061387,8.9075114472398,3.5184375,7.86835262993061,25.189079418977553,1,1,749890,93567,889624
2021,Spring,Suisun Marsh,0.10316233333333333,NA,0.6649999999999999,0.1193,0.47333333333333333,0.7582,0.18213333333333334,15.83940477462042,3.6891138532656256,8.748051621510674,5.8793728070175435,7.740968920710363,35.149027777777775,1,1,749890,93567,889624
2021,Summer,Confluence,0.03136011403508772,NA,0.15313686842105262,0.08320906432748539,0.175013966374269,0.2419108187134503,0.08798684210526315,21.562282971791184,3.2747312509679514,8.251940756242814,2.6714754378347085,7.910401594515739,10.609247472952697,2.2264957264957266,2,663690,98565,787858
2021,Summer,North,0.028568245248538012,0.36133333333333334,0.24097198108747045,0.22492201891252955,0.19183711481481483,0.283239898989899,0.22813662056737588,22.5439965601389,0.2502343831961239,7.926614204076823,2.1248678894595256,8.046624684896342,14.36525445499774,1.4928571428571429,1,663690,98565,787858
2021,Summer,SouthCentral,0.0327215,NA,0.23487907565359478,0.10793589743589743,0.24156174074074074,0.3998525641025641,0.1271303418803419,23.687091908564692,0.23475758713381947,7.693836823836824,6.514550061050061,7.44774160339334,4.734828956228957,2.3070500927643787,2,663690,98565,787858
2021,Summer,Suisun Bay,0.049941511111111114,NA,0.2798222222222222,0.096147,0.16711111111111113,0.26911111111111113,0.11437777777777779,19.9421346122057,13.092680680659527,7.921229307568439,3.6367060606060604,7.818677994592461,24.142485426603074,1.3333333333333333,1,663690,98565,787858
2021,Summer,Suisun Marsh,0.04816016666666667,NA,0.3445,0.11599999999999999,0.265,0.3735,0.14033333333333334,20.64752977095565,10.070914277456087,7.269000664451827,4.728667259937282,7.603304265926717,24.1655867494824,1,1,663690,98565,787858
2021,Fall,Confluence,0.04661275238095238,NA,0.2526968253968254,0.0743148992063492,0.22965213968253967,0.29492142857142856,0.08238492063492063,18.23428525528461,2.7640914852378855,8.26753308537134,1.583499901610018,7.62353760640569,12.64706391375896,1.414983164983165,1,850400,59249,956415
2021,Fall,North,0.04547782222222223,0.8286666666666666,0.3512295271604938,0.2397810279541446,0.30544505726495724,0.3969515709876543,0.2552900871459695,17.96171713550057,0.16974324489609902,7.751587825478659,2.083303503329393,7.6491352498958145,13.042335849056604,1,1,850400,59249,956415
2021,Fall,SouthCentral,0.037851970695970696,NA,0.41544718750000004,0.0939827728937729,0.25942424242424245,0.3280212014652015,0.09798534798534798,19.083991530317814,0.26039597692046823,7.493357000291892,1.5156746930735931,7.36100468542609,4.956065069297627,1.4719042088380068,1,850400,59249,956415
2021,Fall,Suisun Bay,0.09944328888888888,NA,0.2561555555555555,0.09375555555555555,0.18777797777777777,0.33282222222222224,0.10835555555555555,18.00911542891415,11.050735236107997,8.16685618729097,2.372757343550447,7.610828817249803,18.00827482993197,1.1494252873563218,1,850400,59249,956415
2021,Fall,Suisun Marsh,0.12933833333333333,NA,0.26516666666666666,0.0805,0.32666666666666666,0.5028333333333334,0.13083333333333333,17.51513669718228,7.215790555089228,7.386611421034423,3.394703703703704,7.411459858352223,24.56692160737813,1.1333333333333333,1,850400,59249,956415
2022,Winter,Confluence,0.07308708181818183,NA,0.5535636363636364,0.0701558787878788,0.3117575757575758,0.4003757575757576,0.08618787878787879,10.637968683109001,1.6318861172401427,10.007100539811066,1.1897063625730995,7.601282359979143,15.767798449612403,1,1,1423530,102553,1619196
2022,Winter,North,0.03225764743589744,2.5866666666666664,0.43564380808080805,0.12440964898989898,0.30879473333333335,0.4420959595959596,0.15097727272727274,10.595772123887157,0.13541097547770298,9.43165367965368,2.0394451388888886,7.546632223039118,23.738833333333332,1,1,1423530,102553,1619196
2022,Winter,SouthCentral,0.061670499999999996,NA,1.0701835213675213,0.09225808787878788,0.4489814814814815,0.5625333333333333,0.10511515151515152,10.845483333333334,0.24101775016740057,9.877707231040564,1.4149758775252526,7.562887710436168,5.226625712250712,1.0175438596491229,1,1423530,102553,1619196
2022,Winter,Suisun Bay,0.13655555555555554,NA,0.5373333333333333,0.08133333333333334,0.18786577777777777,0.39844444444444443,0.10688888888888888,11.473881578947369,7.340760946187267,9.405714285714286,1.3557012142857143,7.526565914227411,18.180459770114943,1,1,1423530,102553,1619196
2022,Winter,Suisun Marsh,0.14100000000000001,NA,0.6343333333333333,0.07116666666666667,0.495,0.7215,0.1435,11.375304738562091,4.179339275180672,8.573402777777778,3.8260749444444446,7.6017054759652,38.769999999999996,1,1,1423530,102553,1619196
2022,Spring,Confluence,0.03524702894736842,NA,0.25475116959064326,0.061799904093567254,0.20955263157894738,0.28730204678362575,0.07545877192982456,16.021478808729498,1.1306075204407455,9.539828571428572,3.5788447634237106,7.860672257471121,16.7069282891022,1,1,794510,80424,940226
2022,Spring,North,0.028900211998527787,0.230242,0.13704340740740742,0.15117972962962964,0.3186864166666667,0.3816277777777778,0.17576481481481482,16.47211767861768,0.13356555745953602,9.321907894736842,2.6133964444444446,7.748291633365593,5.871907407407408,1,1,794510,80424,940226
2022,Spring,SouthCentral,0.029071739316239315,NA,0.5553510046296296,0.06708588888888889,0.2730909090909091,0.36964316239316236,0.07766880341880342,16.89416091008772,0.19169917394140062,9.15842352092352,2.1431051233541236,7.800460836949596,3.4298768939393938,1.0538082437275986,1,794510,80424,940226
2022,Spring,Suisun Bay,0.08989042857142857,NA,0.3264126984126984,0.08335011111111111,0.19412698412698412,0.3588095238095238,0.11358730158730158,15.658516896637197,7.873891560127117,9.099166666666667,4.370333333333334,7.831008822675694,33.62464814814815,1,1,794510,80424,940226
2022,Spring,Suisun Marsh,0.07658416666666666,NA,0.5326,0.1011,0.45466666666666666,0.6758666666666666,0.19469999999999998,16.679014217117032,3.4992549394623707,7.964758672699849,4.84,7.777174378085151,47.653055555555554,1,1,794510,80424,940226
2022,Summer,Confluence,0.0289746977124183,NA,0.11860626143790849,0.0628993137254902,0.1530907843137255,0.20695098039215687,0.07990032679738562,22.181214851816986,2.117680270527102,8.108922558922558,1.5988333333333333,7.9031324869530755,11.483768937508296,1.8121907332433647,2,948720,34858,1019565
2022,Summer,North,0.02601642871794872,0.11248233333333334,0.07134708333333334,0.105852625,0.14387615454545455,0.2257392638888889,0.11747222222222221,22.691665378610463,0.1629269875183041,7.83513589382194,1.4888356893144854,7.9357127405725345,12.837368910782704,1.0952380952380953,1,948720,34858,1019565
2022,Summer,SouthCentral,0.024760106227106227,NA,0.2421019361111111,0.09347791208791209,0.2042689191919192,0.311841663003663,0.10495054945054945,24.13025881107171,0.2428172141835087,7.287484522645813,3.793243933588761,7.567498466814679,3.686931442080378,2.134349593495935,2,948720,34858,1019565
2022,Summer,Suisun Bay,0.06365722222222223,NA,0.2054,0.09926233333333334,0.16715973333333334,0.30035555555555554,0.13028888888888887,20.988008903556267,12.03605282174271,7.9404854580285615,3.192220202020202,7.877547255735583,26.92680854455603,1.1555555555555554,1,948720,34858,1019565
2022,Summer,Suisun Marsh,0.046052833333333335,NA,0.25983333333333336,0.10466666666666667,0.2783333333333333,0.40399999999999997,0.14966666666666667,21.62384994577541,9.366015868939694,7.189790849673202,3.7902222222222224,7.677622739994288,25.417463173175317,1,1,948720,34858,1019565
2022,Fall,Confluence,0.030440454545454545,NA,0.15858680273321452,0.06356772073677956,0.10470517884729649,0.16828812537136068,0.07201262626262626,18.67803726287263,2.6077668798739375,8.67862685560054,1.3840519568151146,7.78973173480319,10.357039682539682,1.3657896797431681,1,680190,54509,754798
2022,Fall,North,0.025468251526251526,0.10576633333333334,0.08594307692307693,0.07954871916971917,0.15282847195640617,0.23147569352869354,0.09707814407814408,18.103752564102564,0.1378687067091161,8.478856861295887,0.783274404817997,7.8528211492572275,8.89096867176249,1,1,680190,54509,754798
2022,Fall,SouthCentral,0.02593093253968254,NA,0.26722345359477123,0.06914030555555556,0.17021785555555555,0.2367142857142857,0.08075,19.065283584978708,0.2854632226173881,8.168809523809523,2.3713074288781533,7.606708587538776,3.296593108788231,1.6571187912651326,2,680190,54509,754798
2022,Fall,Suisun Bay,0.07393408888888889,NA,0.2583333333333333,0.09487957777777778,0.11279633333333333,0.23357777777777777,0.11626666666666667,18.349401289057027,12.515236595626144,8.650338624338625,2.4715784832451497,7.756939745843988,20.459904495690658,1.0344827586206897,1,680190,54509,754798
2022,Fall,Suisun Marsh,0.089299,NA,0.24666666666666667,0.06533333333333333,0.22,0.3815,0.1065,17.712243692968332,7.872335801264142,7.688638888888889,3.922194444444444,7.4964102276305296,26.11458400429415,1,1,680190,54509,754798
2023,Winter,Confluence,0.0691251924001924,NA,0.6233150553150554,0.0818104858104858,0.35905242905242907,0.4928566618566619,0.13264694564694565,9.650760625119116,0.5367700017675106,10.151666666666667,1.0433333333333334,7.652846011232682,10.52590909090909,1,1,2800950,564833,4144204
2023,Winter,North,0.029329559523809525,0.6976666666666667,0.4167709206349206,0.12495994047619048,0.31742505263157894,0.5186746031746032,0.19186111111111112,9.191630434782608,0.08850844059260903,9.965,1.17,7.4198941560036875,18.615909090909092,1,1,2800950,564833,4144204
2023,Winter,SouthCentral,0.11571070740740741,NA,1.0635128205128206,0.10740021111111112,0.4795238095238095,0.6666175925925926,0.14514814814814814,9.943222222222222,0.3033994735855863,9.980416666666667,1.411304347826087,7.60633935391541,4.6994444444444445,1,1,2800950,564833,4144204
2023,Winter,Suisun Bay,0.11288888888888889,NA,0.5777777777777778,0.08744444444444445,0.2853501111111111,0.47588888888888886,0.14766666666666667,10.166838624338624,4.140052159796802,9.836666666666666,1.7999999999999998,7.588847673695034,14.058620689655173,1,1,2800950,564833,4144204
2023,Winter,Suisun Marsh,0.14166666666666666,NA,0.5746666666666667,0.07150000000000001,0.46,0.728,0.18333333333333335,10.02,7.488947285729007,9.99,1.0750000000000002,7.5901538413865826,22.02,1,1,2800950,564833,4144204
2023,Spring,Confluence,0.023572690476190476,NA,0.2529082380952381,0.05017004761904762,0.2111503142857143,0.2867904761904762,0.07775714285714286,13.175,0.06329547258940482,NA,NA,NA,NA,NA,NA,4619000,2348790,7740922
2023,Spring,North,0.023521095424836602,0.988986,0.22869183137254903,0.09773031307189542,0.25192898055555557,0.47389477124183005,0.15812418300653594,12.433333333333334,0.047325379832955566,NA,NA,NA,NA,NA,NA,4619000,2348790,7740922
2023,Spring,SouthCentral,0.056322529761904765,NA,0.34769072222222225,0.09927380952380953,0.33055555555555555,0.4387261904761905,0.13301785714285713,NA,NA,NA,NA,NA,NA,NA,NA,4619000,2348790,7740922
2023,Spring,Suisun Bay,0.035210648809523806,NA,0.25432738095238094,0.06260922222222222,0.25149681746031743,0.3654186507936508,0.10436507936507937,12.995238095238095,0.2303095020275378,NA,NA,NA,NA,NA,NA,4619000,2348790,7740922
2023,Spring,Suisun Marsh,0.0558805,NA,0.3355,0.07487060000000001,0.5053333333333333,0.7233333333333334,0.18426666666666666,NA,NA,NA,NA,NA,NA,NA,NA,4619000,2348790,7740922
2023,Summer,Confluence,0.02452327777777778,NA,0.1035326,0.05353898888888889,0.140594,0.20615555555555556,0.05985,21.330555555555556,0.12189431221194486,NA,NA,NA,NA,NA,NA,1743700,879520,2671116
2023,Summer,North,0.03132209116809117,0.083913,0.18430930433455434,0.2085094590964591,0.2413778601010101,0.3763459653092006,0.2361466218966219,21.599999999999998,0.048923267719275916,NA,NA,NA,NA,NA,NA,1743700,879520,2671116
2023,Summer,SouthCentral,0.03329590476190476,NA,0.18121444505494505,0.09228571428571429,0.20277777777777778,0.32264880952380953,0.10633333333333334,NA,NA,NA,NA,NA,NA,NA,NA,1743700,879520,2671116
2023,Summer,Suisun Bay,0.031243383333333333,NA,0.09034173333333333,0.06868333333333333,0.14347106666666667,0.23879999999999998,0.08826666666666666,19.99047619047619,4.113217869760576,NA,NA,NA,NA,NA,NA,1743700,879520,2671116
2023,Summer,Suisun Marsh,0.061311666666666674,NA,0.15216666666666667,0.07966666666666666,0.3516666666666667,0.5253333333333333,0.157,NA,NA,NA,NA,NA,NA,NA,NA,1743700,879520,2671116
2023,Fall,Confluence,0.03326476587301587,NA,0.15346783333333333,0.05916535846560846,0.11737406216931218,0.18526455026455027,0.06264285714285714,18.918939393939393,0.2873133530609453,NA,NA,NA,NA,NA,NA,1169240,181110,1409422
2023,Fall,North,0.025136804951690822,0.078683,0.127081525410628,0.10048026707290295,0.21374454814814814,0.2847260909090909,0.11734057971014493,18.233333333333334,0.06393228293462389,NA,NA,NA,NA,NA,NA,1169240,181110,1409422
2023,Fall,SouthCentral,0.02777135119047619,NA,0.5058973479853479,0.06931251785714286,0.1668888888888889,0.2598809523809524,0.07156242857142858,NA,NA,NA,NA,NA,NA,NA,NA,1169240,181110,1409422
2023,Fall,Suisun Bay,0.07391446666666666,NA,0.16793333333333332,0.08226666666666667,0.09709991111111112,0.2501777777777778,0.0888,19.066666666666666,8.054954933733221,NA,NA,NA,NA,NA,NA,1169240,181110,1409422
2023,Fall,Suisun Marsh,0.08666666666666667,NA,0.179,0.06866666666666667,0.22333333333333333,0.42083333333333334,0.11699999999999999,NA,NA,NA,NA,NA,NA,NA,NA,1169240,181110,1409422
2024,Winter,Confluence,0.05597948181818182,NA,0.35673636363636363,0.06654166666666667,0.17081567045454546,0.29515,0.07556515151515152,12.036363636363637,1.0762025444686414,NA,NA,NA,NA,NA,NA,2916160,320770,3830199
2024,Winter,North,0.02931384814814815,0.7433333333333334,0.25297896666666664,0.10511862222222222,0.33191849816849817,0.47980370370370373,0.1527925925925926,11.4,0.0864528376028947,NA,NA,NA,NA,NA,NA,2916160,320770,3830199
2024,Winter,SouthCentral,0.09166241666666666,NA,0.8328355714285715,0.072059125,0.25608855555555554,0.4070416666666667,0.076375,NA,NA,NA,NA,NA,NA,NA,NA,2916160,320770,3830199
2024,Winter,Suisun Bay,0.11319444444444443,NA,0.33244444444444443,0.07630555555555556,0.11989433333333334,0.30905555555555553,0.08711111111111111,12.985714285714286,13.783813411671044,NA,NA,NA,NA,NA,NA,2916160,320770,3830199
2024,Winter,Suisun Marsh,0.11316666666666667,NA,0.38033333333333336,0.07050000000000001,0.23333333333333334,0.4625,0.11216666666666666,NA,NA,NA,NA,NA,NA,NA,NA,2916160,320770,3830199
2024,Spring,Confluence,0.02509360119047619,NA,0.17141666666666666,0.03887324404761905,0.14224350595238094,0.1956190476190476,0.05810119047619047,NA,NA,NA,NA,NA,NA,NA,NA,3302700,554150,4289617
2024,Spring,North,0.03688643518518518,0.34529766666666667,0.16785429487179487,0.09347542592592592,0.254706880952381,0.4293703703703704,0.1324722222222222,NA,NA,NA,NA,NA,NA,NA,NA,3302700,554150,4289617
2024,Spring,SouthCentral,0.03410873015873016,NA,0.4021011904761905,0.07915038095238096,0.27871111111111113,0.38491666666666663,0.0899781746031746,NA,NA,NA,NA,NA,NA,NA,NA,3302700,554150,4289617
2024,Spring,Suisun Bay,0.031107944444444445,NA,0.18115555555555554,0.05815066666666666,0.11396591111111111,0.2164611111111111,0.07744444444444444,NA,NA,NA,NA,NA,NA,NA,NA,3302700,554150,4289617
2024,Spring,Suisun Marsh,0.0594375,NA,0.3265,0.08499999999999999,0.364,0.5856666666666667,0.1686666666666667,NA,NA,NA,NA,NA,NA,NA,NA,3302700,554150,4289617
