Region,Season,YearAdj,FunctionalGroup,BPUE,Grazing_m3
Confluence,Fall,2010,Herbivore,5808.349659574468,0.005945920425531915
Confluence,Fall,2010,Omnivor,2597.0181276595745,0.021753481170212766
Confluence,Fall,2010,Predator,1243.5758936170212,0.105369294
Confluence,Fall,2011,Herbivore,1419.8209863013699,0.0028866669452054794
Confluence,Fall,2011,Omnivor,3234.1417808219176,0.02284985880821918
Confluence,Fall,2011,Predator,902.4201917808219,0.09842263057534247
Confluence,Fall,2012,Herbivore,5047.006051282052,0.00628142235897436
Confluence,Fall,2012,Omnivor,4880.542564102564,0.03251970417948718
Confluence,Fall,2012,Predator,791.673782051282,0.07037332307692308
Confluence,Fall,2013,Herbivore,3997.0342435897437,0.004858483397435898
Confluence,Fall,2013,Omnivor,4311.535217948718,0.03240892026923077
Confluence,Fall,2013,Predator,1177.3846923076921,0.12103056833333334
Confluence,Fall,2014,Herbivore,4549.306125,0.010758677045454546
Confluence,Fall,2014,Omnivor,6760.88975,0.05107220873863636
Confluence,Fall,2014,Predator,1703.2024545454544,0.164019751375
Confluence,Fall,2015,Herbivore,6552.536844444445,0.012486381055555556
Confluence,Fall,2015,Omnivor,6587.5706222222225,0.052756682655555553
Confluence,Fall,2015,Predator,1847.1990555555556,0.18602299
Confluence,Fall,2016,Herbivore,5321.716457831325,0.007081363132530121
Confluence,Fall,2016,Omnivor,4216.729819277109,0.03056357234939759
Confluence,Fall,2016,Predator,1287.6425903614459,0.12023723691566265
Confluence,Fall,2017,Herbivore,2090.185458980155,0.004489235894079595
Confluence,Fall,2017,Omnivor,5920.533210734918,0.04014524294769999
Confluence,Fall,2017,Predator,679.4210383043084,0.07317061090527845
Confluence,Fall,2018,Herbivore,2741.1469791321156,0.0033715132087048703
Confluence,Fall,2018,Omnivor,3037.927082300809,0.022813281659241944
Confluence,Fall,2018,Predator,1673.0422257428695,0.16975478522894477
Confluence,Fall,2019,Herbivore,821.9799331264447,0.0032669841813415734
Confluence,Fall,2019,Omnivor,3323.3521289193573,0.023238704378555415
Confluence,Fall,2019,Predator,654.1119341771581,0.07190332987284005
Confluence,Fall,2020,Herbivore,2896.0926128388815,0.004502098899020163
Confluence,Fall,2020,Omnivor,2864.390327964219,0.021653846857491353
Confluence,Fall,2020,Predator,2219.638096127211,0.21868802039910554
Confluence,Fall,2021,Herbivore,1906.1328510766052,0.0027786866065915177
Confluence,Fall,2021,Omnivor,2406.630309242021,0.01865977435313891
Confluence,Fall,2021,Predator,1480.688691494608,0.1307425783237049
Confluence,Fall,2022,Herbivore,1791.3934993154978,0.0042819299497949955
Confluence,Fall,2022,Omnivor,2204.952479487396,0.01727851342381046
Confluence,Fall,2022,Predator,2132.519151267179,0.1912178011198225
Confluence,Fall,2023,Herbivore,1904.3378181818182,0.009065295568181819
Confluence,Fall,2023,Omnivor,4499.246227272727,0.03181906294318182
Confluence,Fall,2023,Predator,1095.5366261363636,0.11516426414772726
Confluence,Fall,2024,Herbivore,45.16067857142857,5.442478571428572e-4
Confluence,Fall,2024,Omnivor,4570.157357142857,0.03590067285714286
Confluence,Fall,2024,Predator,2165.7116785714284,0.22981946132142858
Confluence,Spring,2010,Herbivore,4637.673576564699,0.033269590563978525
Confluence,Spring,2010,Omnivor,957.9930825177918,0.005274619418719516
Confluence,Spring,2010,Predator,19.83578256107572,7.335187975388732e-4
Confluence,Spring,2011,Herbivore,1938.0180487549412,0.009700308751307994
Confluence,Spring,2011,Omnivor,937.3801699530093,0.00151197282742839
Confluence,Spring,2011,Predator,9.07358345533429,7.803945672562931e-5
Confluence,Spring,2012,Herbivore,2330.128911829169,0.016272490730411024
Confluence,Spring,2012,Omnivor,1658.6137048980904,0.011473440398184003
Confluence,Spring,2012,Predator,16.273414706993222,0.0014793913301386664
Confluence,Spring,2013,Herbivore,5990.540252678635,0.03031786266347143
Confluence,Spring,2013,Omnivor,3190.143640704871,0.02075523729841922
Confluence,Spring,2013,Predator,130.06900022570528,0.01336006228820639
Confluence,Spring,2014,Herbivore,2847.6082647556073,0.012156546952785122
Confluence,Spring,2014,Omnivor,4256.058697083646,0.030677564960145107
Confluence,Spring,2014,Predator,171.44420094069122,0.012590459137087485
Confluence,Spring,2015,Herbivore,5152.899143025839,0.019644083440469695
Confluence,Spring,2015,Omnivor,5354.188399751256,0.03362066367801621
Confluence,Spring,2015,Predator,329.3545856436038,0.015802683054399646
Confluence,Spring,2016,Herbivore,7681.660613570347,0.03857036069260954
Confluence,Spring,2016,Omnivor,4116.5760258047985,0.021165359787746033
Confluence,Spring,2016,Predator,361.08614140488606,0.019870544226575027
Confluence,Spring,2017,Herbivore,2982.6885483061783,0.01054279519768812
Confluence,Spring,2017,Omnivor,1892.7643687943469,0.00745075000915201
Confluence,Spring,2017,Predator,224.55051340786912,0.001874755879245262
Confluence,Spring,2018,Herbivore,2887.3009502710197,0.013647469608878707
Confluence,Spring,2018,Omnivor,3566.8014237708385,0.022845049665691383
Confluence,Spring,2018,Predator,39.08988614610436,0.0034559011904742695
Confluence,Spring,2019,Herbivore,3507.8582067974526,0.020384776289062836
Confluence,Spring,2019,Omnivor,1450.8125295891473,0.007237779138455574
Confluence,Spring,2019,Predator,15.348460778518723,1.203851781590757e-4
Confluence,Spring,2020,Herbivore,2926.244435859859,0.015880096446439014
Confluence,Spring,2020,Omnivor,3692.05327767333,0.025079880534716447
Confluence,Spring,2020,Predator,136.58695270962073,0.012063880554376403
Confluence,Spring,2021,Herbivore,5746.3989341581455,0.02876142232906468
Confluence,Spring,2021,Omnivor,1344.3975259200786,0.007756779386652137
Confluence,Spring,2021,Predator,207.98174296150424,0.012250226955397025
Confluence,Spring,2022,Herbivore,5505.898324428945,0.02876778410684208
Confluence,Spring,2022,Omnivor,1381.04312925964,0.00934480820605187
Confluence,Spring,2022,Predator,289.7780147976708,0.009145724606436178
Confluence,Spring,2023,Herbivore,2885.974380952381,0.005263121880952381
Confluence,Spring,2023,Omnivor,1799.1502380952381,4.184650714285714e-4
Confluence,Spring,2023,Predator,90.64354761904762,4.094587619047619e-4
Confluence,Summer,2010,Herbivore,2883.417496147469,0.016546499036815758
Confluence,Summer,2010,Omnivor,7799.295305009074,0.057129433977792216
Confluence,Summer,2010,Predator,182.54767779296714,0.015288456677806345
Confluence,Summer,2011,Herbivore,1363.4020673419068,0.007183425312351695
Confluence,Summer,2011,Omnivor,7806.260927877548,0.05797027676110986
Confluence,Summer,2011,Predator,183.1563554405899,0.015956368159320042
Confluence,Summer,2012,Herbivore,3084.7673939229658,0.012767847264424512
Confluence,Summer,2012,Omnivor,6172.677915587724,0.047019688204312605
Confluence,Summer,2012,Predator,329.82351380957925,0.03149740159231367
Confluence,Summer,2013,Herbivore,2607.24480841214,0.006734245531134029
Confluence,Summer,2013,Omnivor,7459.905396895205,0.05425575047953088
Confluence,Summer,2013,Predator,648.4877788115828,0.05771781997254007
Confluence,Summer,2014,Herbivore,5668.93200187332,0.014654813383216052
Confluence,Summer,2014,Omnivor,9097.779565480081,0.06673663734117226
Confluence,Summer,2014,Predator,1553.612102231105,0.10800621187974294
Confluence,Summer,2015,Herbivore,4937.182667853118,0.01321686239414922
Confluence,Summer,2015,Omnivor,6444.693335732104,0.04713703190993022
Confluence,Summer,2015,Predator,943.5336275498868,0.055835857403755865
Confluence,Summer,2016,Herbivore,6042.002223246338,0.026093069882890025
Confluence,Summer,2016,Omnivor,7372.55991194185,0.04781114608950338
Confluence,Summer,2016,Predator,1194.0640775498164,0.11946834021454324
Confluence,Summer,2017,Herbivore,4851.821444438081,0.02293326703919346
Confluence,Summer,2017,Omnivor,13999.939598645737,0.08663066285274636
Confluence,Summer,2017,Predator,838.229314599364,0.07785669878942614
Confluence,Summer,2018,Herbivore,4349.841809612783,0.020166131859607646
Confluence,Summer,2018,Omnivor,10261.982643902355,0.07347910973307095
Confluence,Summer,2018,Predator,1249.1890182022505,0.12510975481414033
Confluence,Summer,2019,Herbivore,1681.7242079002167,0.007255124043713703
Confluence,Summer,2019,Omnivor,12269.674218086257,0.09175135616851729
Confluence,Summer,2019,Predator,1032.986009824468,0.10793609194677808
Confluence,Summer,2020,Herbivore,3373.913017202594,0.025459557638599733
Confluence,Summer,2020,Omnivor,4488.81725416752,0.03144880911660733
Confluence,Summer,2020,Predator,1673.1833400810103,0.16517251080057002
Confluence,Summer,2021,Herbivore,3810.966191484899,0.015532422719744001
Confluence,Summer,2021,Omnivor,6239.21510350066,0.04531095847825663
Confluence,Summer,2021,Predator,2427.081281105353,0.16941513066767477
Confluence,Summer,2022,Herbivore,1799.0042717897902,0.007357507506882626
Confluence,Summer,2022,Omnivor,3829.128006858925,0.027449110762107886
Confluence,Summer,2022,Predator,1248.6164638533469,0.07356435325021975
Confluence,Summer,2023,Herbivore,3629.7718666666665,0.018048224550000002
Confluence,Summer,2023,Omnivor,10066.598283333333,0.07465802725833333
Confluence,Summer,2023,Predator,961.362675,0.10046969185833333
Confluence,Summer,2024,Herbivore,132.83725,0.0020675934375
Confluence,Summer,2024,Omnivor,2099.5485,0.0152100769375
Confluence,Summer,2024,Predator,1283.21903125,0.12211655959375001
Confluence,Winter,2010,Herbivore,1450.5642500000001,0.0016607810357142858
Confluence,Winter,2010,Omnivor,361.97625,8.800432857142857e-4
Confluence,Winter,2010,Predator,62.530142857142856,0.005673069642857143
Confluence,Winter,2011,Herbivore,1215.9988913043478,0.0018605191739130436
Confluence,Winter,2011,Omnivor,436.15852173913044,0.0019239556086956522
Confluence,Winter,2011,Predator,148.3041304347826,0.0148228205
Confluence,Winter,2012,Herbivore,1394.188603448276,0.0020836455172413794
Confluence,Winter,2012,Omnivor,984.9736896551724,0.004141794310344828
Confluence,Winter,2012,Predator,516.8887931034483,0.056010624396551724
Confluence,Winter,2013,Herbivore,1238.7243703703705,0.0016810168518518519
Confluence,Winter,2013,Omnivor,968.2566666666667,0.0031533390555555556
Confluence,Winter,2013,Predator,71.59707407407407,0.006523916222222222
Confluence,Winter,2014,Herbivore,1598.3157358490566,0.0027832175471698114
Confluence,Winter,2014,Omnivor,1072.2263773584905,0.0060190637547169815
Confluence,Winter,2014,Predator,282.12343396226413,0.029341852264150942
Confluence,Winter,2015,Herbivore,1424.9837962962963,0.0020614675740740743
Confluence,Winter,2015,Omnivor,941.4512407407408,0.00484100312962963
Confluence,Winter,2015,Predator,408.98685185185184,0.041168374629629634
Confluence,Winter,2016,Herbivore,2324.7830806451616,0.0050530134354838715
Confluence,Winter,2016,Omnivor,1745.3841612903225,0.013225322467741935
Confluence,Winter,2016,Predator,879.9756774193548,0.09048512751612904
Confluence,Winter,2017,Herbivore,2445.4680566037737,0.002491342849056604
Confluence,Winter,2017,Omnivor,2280.405226415094,0.004066367867924529
Confluence,Winter,2017,Predator,404.2367169811321,0.037929745320754715
Confluence,Winter,2018,Herbivore,1355.4341093750002,0.001974406515625
Confluence,Winter,2018,Omnivor,949.8711406250001,0.0067118560937499995
Confluence,Winter,2018,Predator,305.415609375,0.031700623265625
Confluence,Winter,2019,Herbivore,2046.9190806451613,0.0028150349032258063
Confluence,Winter,2019,Omnivor,908.8758709677419,0.005046332806451613
Confluence,Winter,2019,Predator,304.4271451612903,0.030433681951612904
Confluence,Winter,2020,Herbivore,1179.862203125,0.00180875015625
Confluence,Winter,2020,Omnivor,1270.709359375,0.01017177475
Confluence,Winter,2020,Predator,321.991078125,0.03131107359375
Confluence,Winter,2021,Herbivore,514.7264,8.494495e-4
Confluence,Winter,2021,Omnivor,845.5991,0.0075692985
Confluence,Winter,2021,Predator,797.3584,0.086625
Confluence,Winter,2022,Herbivore,1457.507875,0.0018718478571428572
Confluence,Winter,2022,Omnivor,598.3183928571428,0.003916361857142857
Confluence,Winter,2022,Predator,448.1355178571428,0.044446684214285714
Confluence,Winter,2023,Herbivore,1266.2540925925928,0.003025217111111111
Confluence,Winter,2023,Omnivor,842.2133888888889,0.003691285944444445
Confluence,Winter,2023,Predator,376.8795925925926,0.03924278162962963
Confluence,Winter,2024,Herbivore,547.1943600000001,0.0013795476
Confluence,Winter,2024,Omnivor,1499.87248,0.0133881788
Confluence,Winter,2024,Predator,1434.10056,0.13130166136
North,Fall,2011,Herbivore,3729.090285714286,0.038264876190476194
North,Fall,2011,Omnivor,4212.952380952381,0.02989579476190476
North,Fall,2011,Predator,5.763523809523809,1.4722380952380951e-4
North,Fall,2012,Herbivore,4722.831238095238,0.048486288523809526
North,Fall,2012,Omnivor,11517.108333333334,0.08123890976190476
North,Fall,2012,Predator,10.098761904761904,5.758857142857143e-4
North,Fall,2013,Herbivore,3846.6823333333336,0.04071086047619048
North,Fall,2013,Omnivor,7838.237714285714,0.04533127023809524
North,Fall,2013,Predator,5.324428571428571,0.00031805790476190473
North,Fall,2014,Herbivore,4964.547380952381,0.055078703714285714
North,Fall,2014,Omnivor,12518.830238095237,0.07630720233333334
North,Fall,2014,Predator,17.092,0.0016194571428571427
North,Fall,2015,Herbivore,4394.407047619047,0.05688987861904762
North,Fall,2015,Omnivor,13784.32980952381,0.09219474295238095
North,Fall,2015,Predator,47.219047619047615,0.005283687095238095
North,Fall,2016,Herbivore,3274.129238095238,0.03823834680952381
North,Fall,2016,Omnivor,9327.534904761904,0.052670204285714284
North,Fall,2016,Predator,7.292142857142856,5.541483809523809e-4
North,Fall,2017,Herbivore,6886.6439953699155,0.04305848128791882
North,Fall,2017,Omnivor,5230.476855013873,0.03477319762998654
North,Fall,2017,Predator,32.72616086012463,0.0010298646113837795
North,Fall,2018,Herbivore,4574.840894901902,0.039559830026836024
North,Fall,2018,Omnivor,4737.015454082,0.031190354835065076
North,Fall,2018,Predator,7.566161840342586,4.912354309687563e-4
North,Fall,2019,Herbivore,4548.446592081307,0.038453102013752107
North,Fall,2019,Omnivor,4943.1030366561345,0.02978286209577939
North,Fall,2019,Predator,3.3905354893824846,5.006344275717231e-5
North,Fall,2020,Herbivore,10418.798373463796,0.07324166469073468
North,Fall,2020,Omnivor,5534.66294946193,0.03424164229634111
North,Fall,2020,Predator,17.68750933807489,7.088864613012661e-4
North,Fall,2021,Herbivore,3950.513933893076,0.0382239785041384
North,Fall,2021,Omnivor,4369.597371655976,0.027326675722839172
North,Fall,2021,Predator,30.20380917429848,0.003104340010305396
North,Fall,2022,Herbivore,2467.75862988182,0.02735205454594248
North,Fall,2022,Omnivor,3017.4674832366254,0.02195652647695685
North,Fall,2022,Predator,36.59717149539287,0.004058293442595022
North,Fall,2023,Herbivore,4954.92380952381,0.05717442952380952
North,Fall,2023,Omnivor,4056.4721904761905,0.025420032047619046
North,Fall,2023,Predator,5.28747619047619,3.394285714285714e-4
North,Spring,2010,Herbivore,25036.63987381342,0.18574529992419916
North,Spring,2010,Omnivor,2576.392460824962,0.01621948454261869
North,Spring,2010,Predator,0,0
North,Spring,2011,Herbivore,21062.064720652437,0.11509327489789442
North,Spring,2011,Omnivor,1455.6178655989345,0.003714577943363326
North,Spring,2011,Predator,0,0
North,Spring,2012,Herbivore,13349.723655404836,0.10839685226707522
North,Spring,2012,Omnivor,1354.0946942553762,0.008872063608377348
North,Spring,2012,Predator,0,0
North,Spring,2013,Herbivore,12409.497741656829,0.11473043163732673
North,Spring,2013,Omnivor,3138.8608775253274,0.018509371484313045
North,Spring,2013,Predator,0,0
North,Spring,2014,Herbivore,7671.629586805083,0.06472764776736593
North,Spring,2014,Omnivor,5945.243353248762,0.03598582743209712
North,Spring,2014,Predator,163.31376433257358,0.0014197119503204828
North,Spring,2015,Herbivore,28441.91179696016,0.14803088088076713
North,Spring,2015,Omnivor,8279.499186733505,0.05282841954490647
North,Spring,2015,Predator,31.886865512260588,4.880561169948473e-4
North,Spring,2016,Herbivore,24075.51416183197,0.12970060245124782
North,Spring,2016,Omnivor,4780.41523170573,0.03164547765483188
North,Spring,2016,Predator,129.2560256479397,0.0011531640500317222
North,Spring,2017,Herbivore,9804.561026427024,0.06380164821351204
North,Spring,2017,Omnivor,1204.3416993770325,0.005980349582013063
North,Spring,2017,Predator,634.1777185278497,0.005537344408509859
North,Spring,2018,Herbivore,6283.65504147664,0.044595838323300746
North,Spring,2018,Omnivor,4119.457319209812,0.03134401073587476
North,Spring,2018,Predator,0,0
North,Spring,2019,Herbivore,34650.50861050279,0.22026422125818465
North,Spring,2019,Omnivor,1297.5511722847507,0.005602638929424657
North,Spring,2019,Predator,5.006890148655425,7.931861934277291e-6
North,Spring,2020,Herbivore,40224.219507573274,0.21378094215274032
North,Spring,2020,Omnivor,3359.694957908448,0.022625320212676273
North,Spring,2020,Predator,1.8602215005592742,4.474363059948202e-5
North,Spring,2021,Herbivore,23454.953012437934,0.13839261832703897
North,Spring,2021,Omnivor,2794.8222058676215,0.016204833224120533
North,Spring,2021,Predator,0.26766656186486487,1.0973990464229527e-5
North,Spring,2022,Herbivore,13536.04927117566,0.08503345389014912
North,Spring,2022,Omnivor,1757.544577794494,0.010089720838579085
North,Spring,2022,Predator,0.8922072360135245,7.591248233135735e-5
North,Summer,2010,Herbivore,12878.280359071887,0.10226488225797203
North,Summer,2010,Omnivor,8754.788722674122,0.06221526013104569
North,Summer,2010,Predator,26.039308049081114,2.3040448864140875e-4
North,Summer,2011,Herbivore,13465.534250371356,0.11952813634983785
North,Summer,2011,Omnivor,8915.057658115507,0.06343489508514588
North,Summer,2011,Predator,14.74289705882353,1.9521889705882353e-4
North,Summer,2012,Herbivore,11126.774915665083,0.0997297698853099
North,Summer,2012,Omnivor,8102.571900689041,0.05441587207254701
North,Summer,2012,Predator,6.949478260869565,7.869626086956521e-5
North,Summer,2013,Herbivore,5729.976661569644,0.06352883299556196
North,Summer,2013,Omnivor,8592.378798868527,0.05394692063334
North,Summer,2013,Predator,4.459102988758998,1.853769297175593e-4
North,Summer,2014,Herbivore,7364.56780429536,0.07776277825096833
North,Summer,2014,Omnivor,10683.132754126205,0.0669250228184327
North,Summer,2014,Predator,26.78105272388345,0.0018110044557200992
North,Summer,2015,Herbivore,19040.235924858633,0.12081173936160956
North,Summer,2015,Omnivor,11105.019069129321,0.06890030774901931
North,Summer,2015,Predator,12.17892778011853,0.0011812568842152202
North,Summer,2016,Herbivore,17390.55432040818,0.12304703224651002
North,Summer,2016,Omnivor,11407.354564051262,0.07148874297999297
North,Summer,2016,Predator,139.18848007713606,6.862745200437879e-4
North,Summer,2017,Herbivore,10647.16806893263,0.08186668656975922
North,Summer,2017,Omnivor,19855.332974928864,0.1289775754520908
North,Summer,2017,Predator,58.951955294360424,6.041340380597955e-4
North,Summer,2018,Herbivore,4112.199827776233,0.04658783476001504
North,Summer,2018,Omnivor,11216.84681035897,0.07082186111609448
North,Summer,2018,Predator,5.276639658082217,2.4215496700823153e-4
North,Summer,2019,Herbivore,13633.912198216136,0.09944190586376944
North,Summer,2019,Omnivor,9278.828325835788,0.06232333833013537
North,Summer,2019,Predator,50.733315744178874,4.4515621201872966e-4
North,Summer,2020,Herbivore,20562.306314138055,0.11595680769375706
North,Summer,2020,Omnivor,7646.027246452457,0.0479663207089709
North,Summer,2020,Predator,119.40573186191205,0.001063653880273148
North,Summer,2021,Herbivore,42167.483089541674,0.22813196064320973
North,Summer,2021,Omnivor,11742.530596241324,0.06776434009529433
North,Summer,2021,Predator,249.812953530917,0.00749925838895386
North,Summer,2022,Herbivore,4016.9086303331046,0.03793084314841764
North,Summer,2022,Omnivor,4642.254230938145,0.030117158050425825
North,Summer,2022,Predator,7.777092241601307,6.457653720978159e-4
North,Summer,2023,Herbivore,8427.324020833334,0.090824729375
North,Summer,2023,Omnivor,9183.094083333333,0.0664695005
North,Summer,2023,Predator,6.811020833333333,2.762925e-4
North,Winter,2012,Herbivore,2053.014,0.020470908571428574
North,Winter,2012,Omnivor,731.8675714285714,0.006118664571428571
North,Winter,2012,Predator,9.594857142857142,1.910657142857143e-5
North,Winter,2013,Herbivore,2297.4286666666667,0.023369208333333332
North,Winter,2013,Omnivor,971.838,0.0074362560000000005
North,Winter,2013,Predator,31.55,2.2770233333333333e-4
North,Winter,2014,Herbivore,4499.895142857143,0.04244508428571429
North,Winter,2014,Omnivor,3126.093142857143,0.02711032742857143
North,Winter,2014,Predator,8.322857142857142,2.54149e-4
North,Winter,2015,Herbivore,6578.7742499999995,0.0637693275
North,Winter,2015,Omnivor,3144.83925,0.023405514500000002
North,Winter,2015,Predator,86.92200000000001,9.337800000000002e-4
North,Winter,2016,Herbivore,2960.571142857143,0.02964016714285714
North,Winter,2016,Omnivor,2641.665142857143,0.017838298428571427
North,Winter,2016,Predator,44.64114285714285,0.004215
North,Winter,2017,Herbivore,3254.7457142857147,0.03055718857142857
North,Winter,2017,Omnivor,1012.6574285714286,0.007007349714285714
North,Winter,2017,Predator,4.728428571428571,2.498625714285714e-4
North,Winter,2018,Herbivore,6837.018428571429,0.05467790714285714
North,Winter,2018,Omnivor,3389.6458571428575,0.028361841
North,Winter,2018,Predator,8.070428571428572,1.3458842857142858e-4
North,Winter,2019,Herbivore,3661.8193333333334,0.03332934
North,Winter,2019,Omnivor,2992.0495,0.025998921333333334
North,Winter,2019,Predator,15.234499999999999,2.695e-4
North,Winter,2020,Herbivore,7389.600333333334,0.06630512166666667
North,Winter,2020,Omnivor,1673.6958333333334,0.013870040666666665
North,Winter,2020,Predator,11.009,9.202349999999999e-5
North,Winter,2021,Herbivore,1444.9062000000001,0.01124087
North,Winter,2021,Omnivor,791.548,0.0072417728
North,Winter,2021,Predator,8.7042,9.78e-4
North,Winter,2022,Herbivore,3524.1920000000005,0.03241429428571429
North,Winter,2022,Omnivor,1191.0467142857144,0.010152969714285713
North,Winter,2022,Predator,11.506428571428572,4.8385714285714286e-4
North,Winter,2023,Herbivore,5707.782714285714,0.05232349571428571
North,Winter,2023,Omnivor,1673.209142857143,0.013359685999999999
North,Winter,2023,Predator,23.121,9.714251428571428e-4
North,Winter,2024,Herbivore,4184.132857142858,0.039168671428571424
North,Winter,2024,Omnivor,824.7825714285714,0.0064746237142857144
North,Winter,2024,Predator,3.0205714285714285,1.2302442857142857e-4
SouthCentral,Fall,2010,Herbivore,4141.872708333333,0.01410092875
SouthCentral,Fall,2010,Omnivor,5368.341666666666,0.029910609958333334
SouthCentral,Fall,2010,Predator,29.439458333333334,0.00248
SouthCentral,Fall,2011,Herbivore,4199.267696969697,0.011435609878787879
SouthCentral,Fall,2011,Omnivor,3531.504575757576,0.01560503903030303
SouthCentral,Fall,2011,Predator,61.31363636363636,5.071934848484849e-4
SouthCentral,Fall,2012,Herbivore,5970.462060606061,0.029041974242424242
SouthCentral,Fall,2012,Omnivor,6260.353515151515,0.03559692115151515
SouthCentral,Fall,2012,Predator,14.554,0.0010684554848484848
SouthCentral,Fall,2013,Herbivore,6011.569515151516,0.035909029818181816
SouthCentral,Fall,2013,Omnivor,7688.810606060606,0.04924106242424242
SouthCentral,Fall,2013,Predator,34.548848484848484,0.002567272727272727
SouthCentral,Fall,2014,Herbivore,6895.687225806451,0.05490216812903225
SouthCentral,Fall,2014,Omnivor,10386.607064516129,0.0687235174516129
SouthCentral,Fall,2014,Predator,202.0147741935484,0.015782595806451614
SouthCentral,Fall,2015,Herbivore,7787.3089375,0.0568520345625
SouthCentral,Fall,2015,Omnivor,9849.68771875,0.06607648703125
SouthCentral,Fall,2015,Predator,786.60584375,0.057939007437499995
SouthCentral,Fall,2016,Herbivore,5108.5578387096775,0.046932548387096776
SouthCentral,Fall,2016,Omnivor,10597.264903225807,0.06525057303225806
SouthCentral,Fall,2016,Predator,61.53841935483871,0.005209866612903226
SouthCentral,Fall,2017,Herbivore,8608.470689655172,0.015451163103448276
SouthCentral,Fall,2017,Omnivor,8872.378310344828,0.041221836655172414
SouthCentral,Fall,2017,Predator,320.6518620689655,8.847837931034482e-4
SouthCentral,Fall,2018,Herbivore,6712.4193749999995,0.05555253833333333
SouthCentral,Fall,2018,Omnivor,9592.498166666666,0.060980529375
SouthCentral,Fall,2018,Predator,48.0695,0.001641009
SouthCentral,Fall,2019,Herbivore,4157.280444444445,0.014263602222222222
SouthCentral,Fall,2019,Omnivor,4897.01362962963,0.02538659962962963
SouthCentral,Fall,2019,Predator,131.4284074074074,2.7528644444444443e-4
SouthCentral,Fall,2020,Herbivore,6552.437074074074,0.03922132185185185
SouthCentral,Fall,2020,Omnivor,7338.540333333333,0.0439835322962963
SouthCentral,Fall,2020,Predator,36.51337037037037,0.001356292851851852
SouthCentral,Fall,2021,Herbivore,6948.675222222222,0.05482402666666667
SouthCentral,Fall,2021,Omnivor,6942.651740740741,0.04579608833333333
SouthCentral,Fall,2021,Predator,16.298111111111112,7.906940370370371e-4
SouthCentral,Fall,2022,Herbivore,8581.829,0.07639083474074074
SouthCentral,Fall,2022,Omnivor,8222.754148148148,0.046526730074074076
SouthCentral,Fall,2022,Predator,13.26974074074074,6.616666666666666e-4
SouthCentral,Fall,2023,Herbivore,5675.096888888889,0.02782303111111111
SouthCentral,Fall,2023,Omnivor,8052.690407407407,0.039361329074074074
SouthCentral,Fall,2023,Predator,17.904444444444444,3.729291481481482e-4
SouthCentral,Spring,2010,Herbivore,7297.100561069563,0.03735870676151283
SouthCentral,Spring,2010,Omnivor,1719.1834505482116,0.008259221806938846
SouthCentral,Spring,2010,Predator,10.92048017773854,9.955706624147649e-5
SouthCentral,Spring,2011,Herbivore,2607.0866637127697,0.013683932816723633
SouthCentral,Spring,2011,Omnivor,834.1223709813986,0.0014029772808715531
SouthCentral,Spring,2011,Predator,21.30762947249881,1.434369997580855e-4
SouthCentral,Spring,2012,Herbivore,5923.7315903189865,0.03265514709508096
SouthCentral,Spring,2012,Omnivor,4645.846126652482,0.030024955391689492
SouthCentral,Spring,2012,Predator,12.94962077077794,9.957960189764626e-5
SouthCentral,Spring,2013,Herbivore,21478.483693267564,0.1071351637668404
SouthCentral,Spring,2013,Omnivor,7526.099946085525,0.03936742079584344
SouthCentral,Spring,2013,Predator,5.380228395542185,4.625010530436533e-5
SouthCentral,Spring,2014,Herbivore,9458.389182923167,0.05313437901614397
SouthCentral,Spring,2014,Omnivor,8200.529926342435,0.047936030469358674
SouthCentral,Spring,2014,Predator,34.69773660678133,3.164925313550447e-4
SouthCentral,Spring,2015,Herbivore,24218.32211302609,0.11752076393497228
SouthCentral,Spring,2015,Omnivor,10152.509621841604,0.05991481279893469
SouthCentral,Spring,2015,Predator,49.72609120535134,5.118649314799423e-4
SouthCentral,Spring,2016,Herbivore,16117.861788186148,0.07609087561093275
SouthCentral,Spring,2016,Omnivor,6785.05344882785,0.035804724095850796
SouthCentral,Spring,2016,Predator,51.15040398988256,4.374029269948841e-4
SouthCentral,Spring,2017,Herbivore,2360.4984825834567,0.012462508314863327
SouthCentral,Spring,2017,Omnivor,908.7465957959924,0.002829752629149582
SouthCentral,Spring,2017,Predator,43.878669066575966,0.00032679322554916835
SouthCentral,Spring,2018,Herbivore,8166.371991289984,0.0343351471965159
SouthCentral,Spring,2018,Omnivor,3177.351224486975,0.018699071901946526
SouthCentral,Spring,2018,Predator,10.556440895280966,3.3004701427849666e-5
SouthCentral,Spring,2019,Herbivore,4817.6890585577485,0.02250962900492378
SouthCentral,Spring,2019,Omnivor,766.3622252428705,0.0027322389145285324
SouthCentral,Spring,2019,Predator,12.930666666666667,1.1058965079365079e-4
SouthCentral,Spring,2020,Herbivore,16937.863327460105,0.08945964436107488
SouthCentral,Spring,2020,Omnivor,6952.435422589161,0.04434075303921979
SouthCentral,Spring,2020,Predator,1.0232727272727273,9.136363636363636e-6
SouthCentral,Spring,2021,Herbivore,22644.841561109046,0.11345741000261267
SouthCentral,Spring,2021,Omnivor,2830.7862670360323,0.01561287651369649
SouthCentral,Spring,2021,Predator,9.419519718030044,5.1105248805162426e-5
SouthCentral,Spring,2022,Herbivore,23915.433752092715,0.12899901164614183
SouthCentral,Spring,2022,Omnivor,7296.320606625597,0.04424128419503793
SouthCentral,Spring,2022,Predator,2.6795360765969285,3.515823700096555e-5
SouthCentral,Spring,2023,Herbivore,2530.6674444444448,0.009639250555555557
SouthCentral,Spring,2023,Omnivor,907.0706666666666,4.8649483333333335e-4
SouthCentral,Spring,2023,Predator,57.38883333333333,0.0020248231111111114
SouthCentral,Summer,2010,Herbivore,8725.928809894607,0.05691853805062546
SouthCentral,Summer,2010,Omnivor,14169.347992707511,0.08674126638959284
SouthCentral,Summer,2010,Predator,15.31290905969959,6.409298641071253e-5
SouthCentral,Summer,2011,Herbivore,2983.8001958892532,0.015040761992573759
SouthCentral,Summer,2011,Omnivor,8354.19862228392,0.05652497532256642
SouthCentral,Summer,2011,Predator,17.54141573033708,1.469612808988764e-4
SouthCentral,Summer,2012,Herbivore,7739.39745496587,0.05927847921328985
SouthCentral,Summer,2012,Omnivor,13064.899887424604,0.08476050850387597
SouthCentral,Summer,2012,Predator,40.13685744093239,4.505481249715144e-4
SouthCentral,Summer,2013,Herbivore,11878.627975790974,0.11339693908541687
SouthCentral,Summer,2013,Omnivor,17104.929394001065,0.10636638227164154
SouthCentral,Summer,2013,Predator,26.33611775726262,7.270561708436328e-4
SouthCentral,Summer,2014,Herbivore,33803.76357271659,0.2403735257977851
SouthCentral,Summer,2014,Omnivor,28217.226092776076,0.1777965535970233
SouthCentral,Summer,2014,Predator,23.857083683045097,0.0018043205949459873
SouthCentral,Summer,2015,Herbivore,25667.835534646565,0.1639437289340886
SouthCentral,Summer,2015,Omnivor,19299.03998119999,0.12254193778513325
SouthCentral,Summer,2015,Predator,30.69353235365009,4.8161526702185495e-4
SouthCentral,Summer,2016,Herbivore,28205.912031363136,0.17658209314089734
SouthCentral,Summer,2016,Omnivor,19138.002441349636,0.10247696184951069
SouthCentral,Summer,2016,Predator,103.49823968118423,0.004340223169153034
SouthCentral,Summer,2017,Herbivore,7900.071517714249,0.03299763726689087
SouthCentral,Summer,2017,Omnivor,13829.658515656229,0.0795740822074066
SouthCentral,Summer,2017,Predator,173.74725794420726,6.378337029936063e-4
SouthCentral,Summer,2018,Herbivore,23812.656216780528,0.18759772268604996
SouthCentral,Summer,2018,Omnivor,23861.29728541698,0.14303390155745813
SouthCentral,Summer,2018,Predator,90.48318823085708,0.0012888467251402982
SouthCentral,Summer,2019,Herbivore,8071.191073685532,0.05472011960971203
SouthCentral,Summer,2019,Omnivor,13769.577212824419,0.09135241962884749
SouthCentral,Summer,2019,Predator,51.809864197530864,6.547855432098766e-4
SouthCentral,Summer,2020,Herbivore,21625.418413882395,0.22654352778464873
SouthCentral,Summer,2020,Omnivor,12844.267510112146,0.08182754425978563
SouthCentral,Summer,2020,Predator,22.981049748531557,0.0010841223490621347
SouthCentral,Summer,2021,Herbivore,21795.934768178002,0.19144283571288015
SouthCentral,Summer,2021,Omnivor,25101.76712602081,0.1522342810374878
SouthCentral,Summer,2021,Predator,34.1697076375034,0.0010278853940782935
SouthCentral,Summer,2022,Herbivore,19259.76910801975,0.17676789244631194
SouthCentral,Summer,2022,Omnivor,13554.923865549936,0.08676714223570853
SouthCentral,Summer,2022,Predator,13.146369285657842,5.035848593230129e-4
SouthCentral,Summer,2023,Herbivore,6166.352583333333,0.06163352245
SouthCentral,Summer,2023,Omnivor,6659.40635,0.0394425637
SouthCentral,Summer,2023,Predator,31.490766666666666,6.823263333333333e-4
SouthCentral,Winter,2010,Herbivore,2681.6309375,0.006121394375
SouthCentral,Winter,2010,Omnivor,363.050875,0.001125493375
SouthCentral,Winter,2010,Predator,7.0426875,1.94816125e-4
SouthCentral,Winter,2011,Herbivore,1092.3064166666668,0.0014714683333333335
SouthCentral,Winter,2011,Omnivor,551.6537083333334,4.1043158333333335e-4
SouthCentral,Winter,2011,Predator,7.9715,8.142283333333334e-5
SouthCentral,Winter,2012,Herbivore,4384.941037037037,0.006719018148148148
SouthCentral,Winter,2012,Omnivor,1447.5829999999999,0.0012077250740740741
SouthCentral,Winter,2012,Predator,28.25922222222222,0.0010381291851851852
SouthCentral,Winter,2013,Herbivore,1625.8511111111113,0.0030612874074074075
SouthCentral,Winter,2013,Omnivor,700.0761481481481,0.0012410904444444444
SouthCentral,Winter,2013,Predator,10.175333333333333,1.2135322222222223e-4
SouthCentral,Winter,2014,Herbivore,4564.444851851852,0.016616387037037036
SouthCentral,Winter,2014,Omnivor,1393.1573703703702,0.006025410703703704
SouthCentral,Winter,2014,Predator,7.690037037037037,2.168888888888889e-4
SouthCentral,Winter,2015,Herbivore,1638.8906666666667,0.004872712962962963
SouthCentral,Winter,2015,Omnivor,1207.3979259259258,0.005593475888888889
SouthCentral,Winter,2015,Predator,22.64274074074074,6.617675185185185e-4
SouthCentral,Winter,2016,Herbivore,5407.421153846154,0.02014526476923077
SouthCentral,Winter,2016,Omnivor,1791.9255,0.008772564692307692
SouthCentral,Winter,2016,Predator,16.371346153846154,3.211364230769231e-4
SouthCentral,Winter,2017,Herbivore,1992.7558846153847,0.004188073076923077
SouthCentral,Winter,2017,Omnivor,1384.8318076923076,0.003571441192307692
SouthCentral,Winter,2017,Predator,26.174730769230766,0.001066169076923077
SouthCentral,Winter,2018,Herbivore,2865.094695652174,0.008112859130434783
SouthCentral,Winter,2018,Omnivor,623.2572608695652,0.001297290043478261
SouthCentral,Winter,2018,Predator,17.64104347826087,3.924886956521739e-4
SouthCentral,Winter,2019,Herbivore,2470.3500526315793,0.005892240578947368
SouthCentral,Winter,2019,Omnivor,560.179947368421,0.001408011
SouthCentral,Winter,2019,Predator,16.20015789473684,2.361293157894737e-4
SouthCentral,Winter,2020,Herbivore,1674.2289473684211,0.005936854736842105
SouthCentral,Winter,2020,Omnivor,886.6245263157895,0.003263417210526316
SouthCentral,Winter,2020,Predator,12.225315789473685,9.851178947368421e-5
SouthCentral,Winter,2021,Herbivore,836.3442,0.005278262
SouthCentral,Winter,2021,Omnivor,887.6806,0.006958886
SouthCentral,Winter,2021,Predator,14.788799999999998,0.0015018000000000002
SouthCentral,Winter,2022,Herbivore,1039.3984285714287,0.0032716709523809523
SouthCentral,Winter,2022,Omnivor,462.0780952380952,0.0012275646666666667
SouthCentral,Winter,2022,Predator,5.922142857142857,1.3745166666666666e-4
SouthCentral,Winter,2023,Herbivore,1958.8912857142857,0.0061880610476190475
SouthCentral,Winter,2023,Omnivor,775.7320476190476,0.0016655940952380952
SouthCentral,Winter,2023,Predator,23.725,2.9387995238095235e-4
SouthCentral,Winter,2024,Herbivore,2716.0141249999997,0.013052165000000001
SouthCentral,Winter,2024,Omnivor,980.5118749999999,0.005905944
SouthCentral,Winter,2024,Predator,11.75175,7.838189999999999e-4
Suisun Bay,Fall,2010,Herbivore,4207.283916666667,0.004192066666666667
Suisun Bay,Fall,2010,Omnivor,1785.388875,0.012507985041666666
Suisun Bay,Fall,2010,Predator,1733.6660416666666,0.05629412083333333
Suisun Bay,Fall,2011,Herbivore,3903.34756097561,0.003898688292682927
Suisun Bay,Fall,2011,Omnivor,2584.994219512195,0.009928057219512195
Suisun Bay,Fall,2011,Predator,2638.6713658536582,0.2080320219512195
Suisun Bay,Fall,2012,Herbivore,6070.580842105263,0.006085390263157895
Suisun Bay,Fall,2012,Omnivor,2819.449,0.015283208736842106
Suisun Bay,Fall,2012,Predator,2016.216894736842,0.04579873157894737
Suisun Bay,Fall,2013,Herbivore,4825.639538461539,0.005072330307692308
Suisun Bay,Fall,2013,Omnivor,1924.421358974359,0.01282276658974359
Suisun Bay,Fall,2013,Predator,2314.8581794871793,0.07321657692307693
Suisun Bay,Fall,2014,Herbivore,3621.3464102564103,0.003690157435897436
Suisun Bay,Fall,2014,Omnivor,1552.6372564102564,0.00697418558974359
Suisun Bay,Fall,2014,Predator,3060.0928205128207,0.07920185641025641
Suisun Bay,Fall,2015,Herbivore,4166.748567567568,0.005301413783783784
Suisun Bay,Fall,2015,Omnivor,1853.767945945946,0.007569867756756757
Suisun Bay,Fall,2015,Predator,2560.8162702702703,0.05498645675675676
Suisun Bay,Fall,2016,Herbivore,6562.241368421053,0.006724272894736843
Suisun Bay,Fall,2016,Omnivor,2868.8550789473684,0.016106858868421052
Suisun Bay,Fall,2016,Predator,2583.3374736842106,0.05506223684210526
Suisun Bay,Fall,2017,Herbivore,2906.009410012371,0.002979527941128027
Suisun Bay,Fall,2017,Omnivor,1195.0477798958495,0.008560703360516035
Suisun Bay,Fall,2017,Predator,1791.1244163029157,0.0961093943224473
Suisun Bay,Fall,2018,Herbivore,1246.252951187069,0.0013617470446557968
Suisun Bay,Fall,2018,Omnivor,794.8836643451913,0.00434957601759669
Suisun Bay,Fall,2018,Predator,3407.0485096927077,0.09069250300739787
Suisun Bay,Fall,2019,Herbivore,1824.0899696243848,0.0018828511604222038
Suisun Bay,Fall,2019,Omnivor,813.5998443293784,0.00643478736624605
Suisun Bay,Fall,2019,Predator,1247.1197765719407,0.07665667354749173
Suisun Bay,Fall,2020,Herbivore,1232.234045675823,0.0013375161172029235
Suisun Bay,Fall,2020,Omnivor,821.425654335817,0.0041049051342757804
Suisun Bay,Fall,2020,Predator,3779.447581960279,0.12712286629802455
Suisun Bay,Fall,2021,Herbivore,1337.4214693235126,0.0016908947514750097
Suisun Bay,Fall,2021,Omnivor,537.5669116465522,0.003330783797603428
Suisun Bay,Fall,2021,Predator,4014.232841654068,0.05663474582400847
Suisun Bay,Fall,2022,Herbivore,1321.9988839563619,0.0013943810082301222
Suisun Bay,Fall,2022,Omnivor,963.9725151601519,0.00428005348871053
Suisun Bay,Fall,2022,Predator,3731.67680116454,0.06941297459231688
Suisun Bay,Fall,2023,Herbivore,2032.9319302325582,0.0020536937209302327
Suisun Bay,Fall,2023,Omnivor,860.4005813953488,0.005735747441860465
Suisun Bay,Fall,2023,Predator,2493.4692209302325,0.09259378837209302
Suisun Bay,Fall,2024,Herbivore,2.4242,7.687e-6
Suisun Bay,Fall,2024,Omnivor,171.49540000000002,0.001339386
Suisun Bay,Fall,2024,Predator,2462.9675,0.15312933
Suisun Bay,Spring,2010,Herbivore,5965.147431070412,0.04507350644595805
Suisun Bay,Spring,2010,Omnivor,925.6261125414507,0.004095215078298076
Suisun Bay,Spring,2010,Predator,97.11333188938163,0.005145730759208557
Suisun Bay,Spring,2011,Herbivore,4972.6915233586205,0.024027252171338945
Suisun Bay,Spring,2011,Omnivor,1763.8607196574524,0.0029138166927312986
Suisun Bay,Spring,2011,Predator,88.8364318512927,0.0048172382081050485
Suisun Bay,Spring,2012,Herbivore,4184.6413083443595,0.0183388254068633
Suisun Bay,Spring,2012,Omnivor,1093.1524352058007,0.0068927015323315115
Suisun Bay,Spring,2012,Predator,117.99414363753722,0.0034396803899695394
Suisun Bay,Spring,2013,Herbivore,4769.659149648558,0.009022755214945062
Suisun Bay,Spring,2013,Omnivor,1512.1225571521975,0.008746507193430692
Suisun Bay,Spring,2013,Predator,976.8485407143172,0.016825391053924745
Suisun Bay,Spring,2014,Herbivore,3277.136613858286,0.0052793086033659595
Suisun Bay,Spring,2014,Omnivor,1249.2498737174367,0.007643830402601301
Suisun Bay,Spring,2014,Predator,1570.2198380451923,0.014220286178443871
Suisun Bay,Spring,2015,Herbivore,4513.679125354355,0.004694128650217379
Suisun Bay,Spring,2015,Omnivor,1520.1765565134476,0.009424103245931152
Suisun Bay,Spring,2015,Predator,3021.202244333595,0.02127288358116204
Suisun Bay,Spring,2016,Herbivore,5950.1444480454675,0.013970347509099744
Suisun Bay,Spring,2016,Omnivor,1942.0079415418122,0.007389018561502866
Suisun Bay,Spring,2016,Predator,2029.7331074722078,0.05043958390939793
Suisun Bay,Spring,2017,Herbivore,5484.230441101779,0.021198475613090274
Suisun Bay,Spring,2017,Omnivor,4549.522845439855,0.01881043032597255
Suisun Bay,Spring,2017,Predator,261.98735913837305,0.006467012523164396
Suisun Bay,Spring,2018,Herbivore,3556.7405102912926,0.011894702280818133
Suisun Bay,Spring,2018,Omnivor,1347.47480817813,0.008087037075987135
Suisun Bay,Spring,2018,Predator,750.0061962191122,0.01595016209555111
Suisun Bay,Spring,2019,Herbivore,5346.775018095349,0.02687776169096757
Suisun Bay,Spring,2019,Omnivor,2548.8194288995182,0.013471846193857577
Suisun Bay,Spring,2019,Predator,220.07982550829828,0.013577722839704738
Suisun Bay,Spring,2020,Herbivore,721.5713171787052,0.0024328119719890066
Suisun Bay,Spring,2020,Omnivor,456.44801954907683,0.0026367292245951467
Suisun Bay,Spring,2020,Predator,1460.5691413132286,0.029280161969048882
Suisun Bay,Spring,2021,Herbivore,2921.1834959762705,0.004461462493579493
Suisun Bay,Spring,2021,Omnivor,1275.7072206681528,0.005846084211270619
Suisun Bay,Spring,2021,Predator,2615.749600724438,0.02297113014947401
Suisun Bay,Spring,2022,Herbivore,3328.8716418021495,0.004208856717020149
Suisun Bay,Spring,2022,Omnivor,1219.632559180821,0.0054937654791239075
Suisun Bay,Spring,2022,Predator,4274.40937074295,0.041173585433716804
Suisun Bay,Spring,2023,Herbivore,7796.991555555555,0.026962645055555557
Suisun Bay,Spring,2023,Omnivor,3151.0912777777776,0.003611842
Suisun Bay,Spring,2023,Predator,298.0506111111111,0.016170195777777778
Suisun Bay,Summer,2010,Herbivore,3041.7114804405933,0.007955110240672204
Suisun Bay,Summer,2010,Omnivor,994.1412895273916,0.007571188244719392
Suisun Bay,Summer,2010,Predator,820.1810231730169,0.01903901385759904
Suisun Bay,Summer,2011,Herbivore,3653.9703826193677,0.009534568513088345
Suisun Bay,Summer,2011,Omnivor,6336.215067444186,0.03905667062822685
Suisun Bay,Summer,2011,Predator,1360.2047597015917,0.09460335357957676
Suisun Bay,Summer,2012,Herbivore,4552.919752121702,0.005095324672823367
Suisun Bay,Summer,2012,Omnivor,1453.8511974206933,0.00952456400377208
Suisun Bay,Summer,2012,Predator,2731.5659663717524,0.03571629798368046
Suisun Bay,Summer,2013,Herbivore,2758.9701551737003,0.0027912058634022626
Suisun Bay,Summer,2013,Omnivor,1106.0109771309615,0.007158659600689322
Suisun Bay,Summer,2013,Predator,2554.2209963639216,0.039382101414484304
Suisun Bay,Summer,2014,Herbivore,2841.436062462961,0.0028512690549521457
Suisun Bay,Summer,2014,Omnivor,1465.6915508371158,0.007094495335923827
Suisun Bay,Summer,2014,Predator,4037.810559200095,0.04714534489648952
Suisun Bay,Summer,2015,Herbivore,2741.524200293657,0.002757647824323812
Suisun Bay,Summer,2015,Omnivor,1098.0578965145053,0.00559386414661095
Suisun Bay,Summer,2015,Predator,3537.054960128739,0.0234767623882406
Suisun Bay,Summer,2016,Herbivore,5031.464528482213,0.005143067540638942
Suisun Bay,Summer,2016,Omnivor,1639.986730592192,0.010563871771696013
Suisun Bay,Summer,2016,Predator,2671.0753160820905,0.07334581262582995
Suisun Bay,Summer,2017,Herbivore,10118.107595869376,0.016357217146335867
Suisun Bay,Summer,2017,Omnivor,14109.784761581659,0.08548396588618186
Suisun Bay,Summer,2017,Predator,1865.8552590788393,0.08283570491210678
Suisun Bay,Summer,2018,Herbivore,4216.208110394559,0.004244252681004479
Suisun Bay,Summer,2018,Omnivor,2142.765310020532,0.015545985481721177
Suisun Bay,Summer,2018,Predator,3220.4814573405965,0.08985887340277449
Suisun Bay,Summer,2019,Herbivore,2796.63499676812,0.00547845887068229
Suisun Bay,Summer,2019,Omnivor,10558.490485131826,0.06625565782635305
Suisun Bay,Summer,2019,Predator,3094.368828889963,0.14037135569058634
Suisun Bay,Summer,2020,Herbivore,1249.0782041776001,0.0013829578509277178
Suisun Bay,Summer,2020,Omnivor,1056.2129693132533,0.007508450039578254
Suisun Bay,Summer,2020,Predator,4054.569780174516,0.15371934112262864
Suisun Bay,Summer,2021,Herbivore,1371.8562982635267,0.0013908296170997139
Suisun Bay,Summer,2021,Omnivor,779.4098836530537,0.005047135464800062
Suisun Bay,Summer,2021,Predator,6678.450090411319,0.07895674500755778
Suisun Bay,Summer,2022,Herbivore,1442.4582812498677,0.001468960373078925
Suisun Bay,Summer,2022,Omnivor,1029.8322353509045,0.005942584595631283
Suisun Bay,Summer,2022,Predator,6198.903027476759,0.04774678471680136
Suisun Bay,Summer,2023,Herbivore,9842.999849056603,0.016675911886792454
Suisun Bay,Summer,2023,Omnivor,7709.01916981132,0.04494702996226415
Suisun Bay,Summer,2023,Predator,5370.64362264151,0.12968361698113207
Suisun Bay,Summer,2024,Herbivore,20.080333333333332,2.1932791666666665e-4
Suisun Bay,Summer,2024,Omnivor,302.857125,0.0022224479166666664
Suisun Bay,Summer,2024,Predator,3744.5326666666665,0.15908766666666666
Suisun Bay,Winter,2010,Herbivore,1657.5185714285715,0.0038799892857142855
Suisun Bay,Winter,2010,Omnivor,3072.737642857143,0.021331058357142857
Suisun Bay,Winter,2010,Predator,52.13107142857143,0.004585065642857143
Suisun Bay,Winter,2011,Herbivore,1751.0445555555557,0.002231080555555556
Suisun Bay,Winter,2011,Omnivor,2178.336777777778,0.012996968111111111
Suisun Bay,Winter,2011,Predator,157.66705555555555,0.0113838285
Suisun Bay,Winter,2012,Herbivore,2059.0838750000003,0.0021366775
Suisun Bay,Winter,2012,Omnivor,3407.5326666666665,0.01629117625
Suisun Bay,Winter,2012,Predator,154.16308333333333,0.007438895833333334
Suisun Bay,Winter,2013,Herbivore,3217.367074074074,0.0034049251851851854
Suisun Bay,Winter,2013,Omnivor,1646.3922592592592,0.008489737518518519
Suisun Bay,Winter,2013,Predator,995.083074074074,0.08373458655555556
Suisun Bay,Winter,2014,Herbivore,2870.10388,0.0037434296
Suisun Bay,Winter,2014,Omnivor,2538.8862,0.01309855176
Suisun Bay,Winter,2014,Predator,515.6106,0.0192266
Suisun Bay,Winter,2015,Herbivore,3752.538083333334,0.0041005650000000005
Suisun Bay,Winter,2015,Omnivor,1424.270125,0.00865380175
Suisun Bay,Winter,2015,Predator,1400.4880833333334,0.050236988583333336
Suisun Bay,Winter,2016,Herbivore,2901.0966296296297,0.004440750740740741
Suisun Bay,Winter,2016,Omnivor,1352.580074074074,0.005756859814814815
Suisun Bay,Winter,2016,Predator,918.3806666666667,0.03579627785185185
Suisun Bay,Winter,2017,Herbivore,3195.1738000000005,0.0030644800400000003
Suisun Bay,Winter,2017,Omnivor,3242.2720799999997,0.00461170052
Suisun Bay,Winter,2017,Predator,793.6609599999999,0.03298381912
Suisun Bay,Winter,2018,Herbivore,3441.123416666667,0.0035325820833333335
Suisun Bay,Winter,2018,Omnivor,2040.2348333333334,0.012075681333333333
Suisun Bay,Winter,2018,Predator,445.8489583333333,0.020929908333333334
Suisun Bay,Winter,2019,Herbivore,3340.493166666667,0.004783041958333334
Suisun Bay,Winter,2019,Omnivor,2119.4865416666667,0.00840641525
Suisun Bay,Winter,2019,Predator,611.8888333333333,0.03729982154166667
Suisun Bay,Winter,2020,Herbivore,2179.8302,0.002215382
Suisun Bay,Winter,2020,Omnivor,1545.8956,0.01063622
Suisun Bay,Winter,2020,Predator,546.57732,0.01901916
Suisun Bay,Winter,2021,Herbivore,81.448,3.225971428571429e-4
Suisun Bay,Winter,2021,Omnivor,1006.028,0.004296975285714286
Suisun Bay,Winter,2021,Predator,2418.5941428571427,0.06772318571428572
Suisun Bay,Winter,2022,Herbivore,2841.40584,0.0030699664000000005
Suisun Bay,Winter,2022,Omnivor,1522.2212399999999,0.00651690468
Suisun Bay,Winter,2022,Predator,1429.35664,0.03284688344
Suisun Bay,Winter,2023,Herbivore,1819.9488000000001,0.0042630868
Suisun Bay,Winter,2023,Omnivor,2009.63988,0.0090083372
Suisun Bay,Winter,2023,Predator,1396.78448,0.05701363816
Suisun Bay,Winter,2024,Herbivore,1007.6496923076924,9.923900000000001e-4
Suisun Bay,Winter,2024,Omnivor,955.3561538461538,0.004043735846153846
Suisun Bay,Winter,2024,Predator,2159.4578461538463,0.03839896153846154
Suisun Marsh,Fall,2010,Herbivore,8330.992,0.008687694285714287
Suisun Marsh,Fall,2010,Omnivor,1924.6525,0.015614718857142856
Suisun Marsh,Fall,2010,Predator,2441.232785714286,0.1196299
Suisun Marsh,Fall,2011,Herbivore,7275.883882352941,0.008043381647058824
Suisun Marsh,Fall,2011,Omnivor,12082.82111764706,0.01958940411764706
Suisun Marsh,Fall,2011,Predator,2006.2210588235291,0.11984862352941177
Suisun Marsh,Fall,2012,Herbivore,12152.252444444444,0.012895295444444444
Suisun Marsh,Fall,2012,Omnivor,2825.0287777777776,0.022526363333333334
Suisun Marsh,Fall,2012,Predator,2351.773777777778,0.09862721111111111
Suisun Marsh,Fall,2013,Herbivore,8329.963055555556,0.010452499444444445
Suisun Marsh,Fall,2013,Omnivor,1855.1719444444445,0.015473065833333334
Suisun Marsh,Fall,2013,Predator,1963.634722222222,0.12071672777777777
Suisun Marsh,Fall,2014,Herbivore,11430.397764705884,0.015893148235294117
Suisun Marsh,Fall,2014,Omnivor,3796.6361764705885,0.01637138194117647
Suisun Marsh,Fall,2014,Predator,3023.9868235294116,0.10904885294117647
Suisun Marsh,Fall,2015,Herbivore,10489.655647058824,0.01432786411764706
Suisun Marsh,Fall,2015,Omnivor,2739.0574117647056,0.022360446176470587
Suisun Marsh,Fall,2015,Predator,2681.2482352941174,0.19758148235294118
Suisun Marsh,Fall,2016,Herbivore,11531.304,0.014009012222222223
Suisun Marsh,Fall,2016,Omnivor,3211.5562777777777,0.02551061961111111
Suisun Marsh,Fall,2016,Predator,2005.5671666666665,0.10230417777777778
Suisun Marsh,Fall,2017,Herbivore,8037.467518736273,0.01056556531399979
Suisun Marsh,Fall,2017,Omnivor,2477.845237566709,0.018323507383924447
Suisun Marsh,Fall,2017,Predator,833.2492012015488,0.05813810153298613
Suisun Marsh,Fall,2018,Herbivore,2711.2071530708613,0.004728122306096403
Suisun Marsh,Fall,2018,Omnivor,749.1833391042038,0.005998128692845359
Suisun Marsh,Fall,2018,Predator,1766.9369608454563,0.1187774008927187
Suisun Marsh,Fall,2019,Herbivore,2387.1130749023077,0.0029364843296311813
Suisun Marsh,Fall,2019,Omnivor,1358.3445713727172,0.008390472045257367
Suisun Marsh,Fall,2019,Predator,678.5856299090725,0.04996938683245619
Suisun Marsh,Fall,2020,Herbivore,1628.858691078255,0.0026709839064462467
Suisun Marsh,Fall,2020,Omnivor,668.0018659423297,0.005411983180902169
Suisun Marsh,Fall,2020,Predator,2955.7147985823112,0.20134892607615698
Suisun Marsh,Fall,2021,Herbivore,2499.1627855150646,0.008181654542733497
Suisun Marsh,Fall,2021,Omnivor,757.034111516907,0.005175052123381992
Suisun Marsh,Fall,2021,Predator,1751.4807442040023,0.08997795603787319
Suisun Marsh,Fall,2022,Herbivore,1174.1706769455582,0.0025569479163661648
Suisun Marsh,Fall,2022,Omnivor,443.73029183612505,0.0033009871078893364
Suisun Marsh,Fall,2022,Predator,2856.3616490142385,0.1857999333600237
Suisun Marsh,Fall,2023,Herbivore,1731.884657894737,0.0021770047368421053
Suisun Marsh,Fall,2023,Omnivor,1853.916552631579,0.015460362184210525
Suisun Marsh,Fall,2023,Predator,1134.3526631578948,0.10635735039473684
Suisun Marsh,Fall,2024,Herbivore,41.14640909090909,2.4306590909090907e-4
Suisun Marsh,Fall,2024,Omnivor,806.8484090909092,0.006734225454545455
Suisun Marsh,Fall,2024,Predator,1259.3398636363636,0.10610848636363636
Suisun Marsh,Spring,2010,Herbivore,5495.026707756043,0.0362969076558808
Suisun Marsh,Spring,2010,Omnivor,956.2232812997538,0.004159420307032989
Suisun Marsh,Spring,2010,Predator,93.36052002490956,9.400102851118483e-4
Suisun Marsh,Spring,2011,Herbivore,4105.765308614017,0.023621723353296632
Suisun Marsh,Spring,2011,Omnivor,6122.9628356186595,0.007546180423464201
Suisun Marsh,Spring,2011,Predator,64.8758,5.995e-4
Suisun Marsh,Spring,2012,Herbivore,6432.964323850782,0.03677345384227124
Suisun Marsh,Spring,2012,Omnivor,1402.3347745064052,0.008415311625177217
Suisun Marsh,Spring,2012,Predator,59.57003039248012,7.00932927994021e-4
Suisun Marsh,Spring,2013,Herbivore,6184.9936185324805,0.018021648978155048
Suisun Marsh,Spring,2013,Omnivor,1450.6133580933956,0.009645388322850215
Suisun Marsh,Spring,2013,Predator,188.2316770762869,0.013181468395061046
Suisun Marsh,Spring,2014,Herbivore,4901.519235955345,0.014881072022828299
Suisun Marsh,Spring,2014,Omnivor,1029.0146207425964,0.007416530125216383
Suisun Marsh,Spring,2014,Predator,575.0405731735785,0.009387240503516643
Suisun Marsh,Spring,2015,Herbivore,4169.149579913727,0.009736897483296175
Suisun Marsh,Spring,2015,Omnivor,2224.7614173157754,0.014251698524381526
Suisun Marsh,Spring,2015,Predator,519.4519341230589,0.014071334368272069
Suisun Marsh,Spring,2016,Herbivore,5459.370335609652,0.019101017859287958
Suisun Marsh,Spring,2016,Omnivor,2010.3143032259193,0.011958375742637771
Suisun Marsh,Spring,2016,Predator,484.2548993728892,0.016223744227845147
Suisun Marsh,Spring,2017,Herbivore,5276.714546760898,0.01895698203632393
Suisun Marsh,Spring,2017,Omnivor,14023.229198063367,0.025353849456356797
Suisun Marsh,Spring,2017,Predator,659.7342544459252,0.0058882448036838755
Suisun Marsh,Spring,2018,Herbivore,4462.813072383802,0.02262422376079495
Suisun Marsh,Spring,2018,Omnivor,2047.72531079229,0.012120594771828969
Suisun Marsh,Spring,2018,Predator,319.5108479690334,0.004066098144925891
Suisun Marsh,Spring,2019,Herbivore,4395.139841193911,0.026714493373566132
Suisun Marsh,Spring,2019,Omnivor,2004.1859121730731,0.008974249944426256
Suisun Marsh,Spring,2019,Predator,59.89560386546567,0.00124146940594622
Suisun Marsh,Spring,2020,Herbivore,1533.8795717130206,0.008368765157842208
Suisun Marsh,Spring,2020,Omnivor,2590.415452256691,0.01942325033019358
Suisun Marsh,Spring,2020,Predator,327.7500666402911,0.016159753447125565
Suisun Marsh,Spring,2021,Herbivore,3544.338440998413,0.01677413016998605
Suisun Marsh,Spring,2021,Omnivor,392.73151163848377,0.002009374520507426
Suisun Marsh,Spring,2021,Predator,450.1732497162454,0.010069941410558253
Suisun Marsh,Spring,2022,Herbivore,2866.8778440417937,0.0060330486997748015
Suisun Marsh,Spring,2022,Omnivor,599.1196579130226,0.0034483519539745136
Suisun Marsh,Spring,2022,Predator,201.55546329949482,0.006742321449611493
Suisun Marsh,Spring,2023,Herbivore,6606.179416666666,0.03332345
Suisun Marsh,Spring,2023,Omnivor,4168.789333333333,0.0023858395833333333
Suisun Marsh,Spring,2023,Predator,148.512,0.001326
Suisun Marsh,Summer,2010,Herbivore,5791.567638964918,0.020903059072855817
Suisun Marsh,Summer,2010,Omnivor,3395.844570307993,0.02814431183060726
Suisun Marsh,Summer,2010,Predator,258.07156193446116,0.01364164285205207
Suisun Marsh,Summer,2011,Herbivore,3745.2750895246277,0.024716343214726197
Suisun Marsh,Summer,2011,Omnivor,8504.40061357951,0.06729674689404369
Suisun Marsh,Summer,2011,Predator,430.85564102564103,0.0342816378974359
Suisun Marsh,Summer,2012,Herbivore,6892.449394793592,0.010353496155723545
Suisun Marsh,Summer,2012,Omnivor,2650.2951332119387,0.02073160351529605
Suisun Marsh,Summer,2012,Predator,1980.9248748694674,0.04733261694635203
Suisun Marsh,Summer,2013,Herbivore,4037.872555792462,0.004249734920185772
Suisun Marsh,Summer,2013,Omnivor,1658.358557302354,0.012802205466207226
Suisun Marsh,Summer,2013,Predator,1369.9969411790769,0.05501073857226091
Suisun Marsh,Summer,2014,Herbivore,8896.511733101146,0.00892960999410361
Suisun Marsh,Summer,2014,Omnivor,2239.1352037427187,0.014968806314112801
Suisun Marsh,Summer,2014,Predator,4232.1005603032845,0.09084941040468497
Suisun Marsh,Summer,2015,Herbivore,4648.558053969085,0.0048440907273021696
Suisun Marsh,Summer,2015,Omnivor,2385.949013475545,0.019867299087776517
Suisun Marsh,Summer,2015,Predator,2717.9815869437684,0.03554932532757634
Suisun Marsh,Summer,2016,Herbivore,7076.178502062325,0.007786818370606497
Suisun Marsh,Summer,2016,Omnivor,2057.449220594421,0.017108273081863284
Suisun Marsh,Summer,2016,Predator,1485.6551040669901,0.07750579410267908
Suisun Marsh,Summer,2017,Herbivore,4948.879544411855,0.015592938004642965
Suisun Marsh,Summer,2017,Omnivor,15263.546334367926,0.11960651490123635
Suisun Marsh,Summer,2017,Predator,944.6500310145611,0.08009041629120199
Suisun Marsh,Summer,2018,Herbivore,5185.8364538803435,0.005538406645393825
Suisun Marsh,Summer,2018,Omnivor,4171.609483228792,0.033874250237187806
Suisun Marsh,Summer,2018,Predator,2007.6313495220427,0.1227515098331384
Suisun Marsh,Summer,2019,Herbivore,2654.887119233579,0.006217367595839155
Suisun Marsh,Summer,2019,Omnivor,11043.459438385877,0.08409988478410897
Suisun Marsh,Summer,2019,Predator,1797.973720531453,0.12229068074141275
Suisun Marsh,Summer,2020,Herbivore,2518.979701023011,0.0025972164057099607
Suisun Marsh,Summer,2020,Omnivor,2038.8344078411862,0.014252166073424543
Suisun Marsh,Summer,2020,Predator,2477.568908837368,0.11998777463188383
Suisun Marsh,Summer,2021,Herbivore,1417.2885458392952,0.001515309596790786
Suisun Marsh,Summer,2021,Omnivor,723.4103416640156,0.005943018880114385
Suisun Marsh,Summer,2021,Predator,4910.357358993183,0.08369650680918467
Suisun Marsh,Summer,2022,Herbivore,1463.7978345410233,0.0015051653783675798
Suisun Marsh,Summer,2022,Omnivor,671.9739362246083,0.004507668916185164
Suisun Marsh,Summer,2022,Predator,2865.657055550971,0.03421909799080121
Suisun Marsh,Summer,2023,Herbivore,3304.850138888889,0.00833068113888889
Suisun Marsh,Summer,2023,Omnivor,7793.344472222223,0.06378002977777777
Suisun Marsh,Summer,2023,Predator,1405.3714055555556,0.10408684722222222
Suisun Marsh,Summer,2024,Herbivore,56.2836,4.3948049999999997e-4
Suisun Marsh,Summer,2024,Omnivor,2237.8297500000003,0.019044310850000003
Suisun Marsh,Summer,2024,Predator,3734.3442,0.334007345
Suisun Marsh,Winter,2010,Herbivore,2996.893625,0.00808259125
Suisun Marsh,Winter,2010,Omnivor,767.493875,0.0023332955
Suisun Marsh,Winter,2010,Predator,102.114875,0.004287
Suisun Marsh,Winter,2011,Herbivore,3168.387833333333,0.007875173166666668
Suisun Marsh,Winter,2011,Omnivor,616.3105833333334,0.002569185833333333
Suisun Marsh,Winter,2011,Predator,312.888,0.0167221
Suisun Marsh,Winter,2012,Herbivore,2309.481928571429,0.0030823
Suisun Marsh,Winter,2012,Omnivor,4495.480928571428,0.004155910928571429
Suisun Marsh,Winter,2012,Predator,443.35335714285713,0.019206721428571428
Suisun Marsh,Winter,2013,Herbivore,3134.688071428571,0.006091388571428572
Suisun Marsh,Winter,2013,Omnivor,2598.2502142857143,0.004799591000000001
Suisun Marsh,Winter,2013,Predator,603.2435,0.010871621428571428
Suisun Marsh,Winter,2014,Herbivore,7402.230071428571,0.019081116785714287
Suisun Marsh,Winter,2014,Omnivor,1095.7684285714286,0.007811607142857143
Suisun Marsh,Winter,2014,Predator,296.97614285714286,0.02235159414285714
Suisun Marsh,Winter,2015,Herbivore,5091.862714285715,0.01135717142857143
Suisun Marsh,Winter,2015,Omnivor,1002.292,0.005403099071428571
Suisun Marsh,Winter,2015,Predator,682.8154285714286,0.018899914285714286
Suisun Marsh,Winter,2016,Herbivore,8930.506785714286,0.027257147857142856
Suisun Marsh,Winter,2016,Omnivor,757.5612142857143,0.005008295571428571
Suisun Marsh,Winter,2016,Predator,771.3789285714286,0.04957689285714286
Suisun Marsh,Winter,2017,Herbivore,7285.022857142857,0.020838788285714286
Suisun Marsh,Winter,2017,Omnivor,2390.000642857143,0.006597087071428572
Suisun Marsh,Winter,2017,Predator,874.0575,0.023357367642857143
Suisun Marsh,Winter,2018,Herbivore,3148.6540714285716,0.005328352142857143
Suisun Marsh,Winter,2018,Omnivor,1135.755,0.007660533785714286
Suisun Marsh,Winter,2018,Predator,1057.1495714285713,0.02531925
Suisun Marsh,Winter,2019,Herbivore,4277.111642857143,0.007674258642857143
Suisun Marsh,Winter,2019,Omnivor,1921.266142857143,0.009227626785714286
Suisun Marsh,Winter,2019,Predator,455.05185714285716,0.026228609928571428
Suisun Marsh,Winter,2020,Herbivore,2412.535714285714,0.0032362099999999998
Suisun Marsh,Winter,2020,Omnivor,1837.0120714285715,0.0075634741428571425
Suisun Marsh,Winter,2020,Predator,434.41114285714286,0.008415964285714285
Suisun Marsh,Winter,2021,Herbivore,710.4685000000001,0.00297172
Suisun Marsh,Winter,2021,Omnivor,193.2095,0.0016083159999999998
Suisun Marsh,Winter,2021,Predator,2496.4735,0.2550688
Suisun Marsh,Winter,2022,Herbivore,4592.825071428571,0.008911223571428572
Suisun Marsh,Winter,2022,Omnivor,1221.4915,0.005235387
Suisun Marsh,Winter,2022,Predator,345.02142857142854,0.017443214285714284
Suisun Marsh,Winter,2023,Herbivore,4939.831999999999,0.01700965357142857
Suisun Marsh,Winter,2023,Omnivor,327.8949285714286,0.0011132133571428572
Suisun Marsh,Winter,2023,Predator,211.9297857142857,0.012316215214285714
Suisun Marsh,Winter,2024,Herbivore,1591.096,0.002675373333333333
Suisun Marsh,Winter,2024,Omnivor,1068.158888888889,0.006519917666666666
Suisun Marsh,Winter,2024,Predator,1159.821222222222,0.08560104444444444
