Long Station Name,Station_Name,Geographic Description,Latitude,Longitude,Notes,Station Number
Davis Wastewater Discharge at Toe Drain,Davis Wastewater,,38.567,-121.63823,,A0033300
Sacramento River at Sherwood Harbor ,SHR,River right in Sacramento River at Sherwood Harbor Marina & RV Park,38.53188,-121.528,,A0200000
Sacramento River at West Sacramento Intake Structure,West Sac Intake,Sacramento,38.598,-121.5494,,A0210451
Ag Drain on Colusa Basin Main Drain,Colusa,Upstream Sacramento River Valley,38.7993,-121.7252,,A0294500
,Sutter Bypass at Kirkville Road,Upstream Sacramento River Valley,38.909178,-121.638556,,A0491630
Feather River near Garwood Road,Garwood,Upstream Sacramento River Valley,38.893833,-121.5985,,A0510250
American River at Water Treatment Plant,American River at WTP,"American River, Sacramento",38.5596,-121.4169,,A0714010
,Barker Slough at Cook Road,Cache Slough,38.2841,-121.8238,,A0922000
Rominger Bridge at Colusa Basin Drain,RMB - Rominger,Above Knights Landing Outflow Gates,38.81221,-121.77425,Not sampled in all years,A0C85051515
Screw Trap in  Toe Drain,STTD,Center of channel at base of Yolo Bypass tidal slough in the Toe Drain,38.35338,-121.643,,A0D82120386
Toe Drain at Interstate 80,Toe Drain@ I-80,,38.573111,-121.582958,,A0D83441350
Toe Drain at Rd. 22 West,Toe Drain at Rd. 22,,38.676385,-121.644315,,A0D84061386
Ridge Cut Slough at Knights Landing,Ridge Cut Slough,"Ridge Cut Slough at Hwy. 113, Land, Upstream",38.79357,-121.725447,,A0D84761435
Natomas East Main Drainage Canal at El Camino Road,NEMDEC,Sacramento,38.611164,-121.467411,,A0V83671280
Woodland Wastewater Discharge at Toe Drain,Woodland Wastewater,,38.6816,-121.64577,Water sample collection for nutrients - Yolo Bypass Fall Study,A1030000
ANTELOPE LK NR DM,Antelope Lake,Upper Feather River Watershed - Near the dam,40.1805,-120.6057,,AN001000
,KV Lift Station,"Storm Water Pump Station, Lathrop",37.793778,-121.3,,B0D74761180
,M6 Lift Station,"Storm Water Pump Station, Lathrop",37.7965,-121.3085,,B0D74781185
,M5 Lift Station,"Storm Water Pump Station, Lathrop",37.8034,-121.3017,,B0D74821181
,M2 Lift Station,"Storm Water Pump Station, Lathrop",37.8027,-121.3115,,B0D74821187
,River Station,Lathrop,37.8047,-121.3123,,B0D74831187
,M1 Lift Station,"Storm Water Pump Station, Lathrop",37.8141,-121.3123,,B0D74881187
Cosumnes River above Benson's Ferry,Cosumnes,North Delta,38.254581,-121.435719,,B1D81541262
Mokelumne River above Benson's Ferry,Benson's Ferry,North Delta,38.254939,-121.445419,,B2D81531267
,San Joaquin River at Lathrop,"South Delta, Lathrop",37.81,-121.323,,B7D74861194
Rock Slough @ Contra Costa WD Fish Screen,RSCC,tidal river channel; boat or land access,37.976192,-121.639803,,B9522200
Old River Downstream DMC Barrier,Old River Downstream DMC Barrier,,37.810972,-121.544417,,B9536500
Old River above DMC Barrier,ODM,tidal river channel; boat access,37.81025,-121.542194,,B9536600
Old River Upstream of Mountain House Creek,ORM,tidal river channel; boat access,37.7938408,-121.5173813,,B9537000
Tom Paine Slough above Intake,TPI,tidal river channel; land access,37.790088,-121.41845,,B9542100
Sherman Island 1,2020-SH1,,38.04025,-121.818833,,B980241491
Brown's Island 1,2020-BN1,,38.039283,-121.858567,,B980241515
Brown's Island 2,2020-BN2,,38.039683,-121.864917,,B980241519
Sherman Island 3,2020-SH3,,38.04145,-121.830917,,B980251499
Brown's Island 3,2020-BN3,,38.041367,-121.868183,,B980251521
Sherman Island 2,2020-SH2,,38.042983,-121.825167,,B980261495
Prospect Slough,PRS,,38.255839,-121.671797,,B9B81541403
Concrete Landing at Westside of Delta Mendota Canal Uphill of Pump,Jones Headworks,Delta Mendota Canal,37.782811,-121.5912,,B9C74701355
Eastside Delta Mendota Canal Intake at Jones Pumping Plant,DMC Intake at Jones,Delta Mendota Canal,37.7968,-121.58526,,B9C74781351
Canel Water Delivery in Water Quality Cage in Jones Pumping Plant,Jones Lockup,Delta Mendota Canal,37.797042,-121.586186,,B9C74781352
West Canal at Clifton Court Intake,C9,South Delta,37.830917,-121.554004,,B9C74981333
Contra Costa Canal at Rock Slough Fish Screen,Rock Slough at Fish Screens,Central Delta,37.977058,-121.642189,This site replaces Rock Slough @ Delta Road Bridge (B9D75861372),B9C75861385
Grant Line Canal near Old River,GLC,tidal river channel; boat access,37.820123,-121.544661,,B9D72921327
San Joaquin River near Vernalis at SJR Club,C10A,South Delta,37.679343,-121.264857,SJR,B9D74081159
San Joaquin River at Mossdale Bridge,C7A,South Delta,37.786,-121.3067,MSD,B9D74721184
,San Joaquin River at Sadler Oak Road,"South Delta, Lathrop",37.7934,-121.3063,,B9D74761184
Sugar Cut downstream of Tom Paine Slough,SGA,tidal river channel; boat access,37.79286,-121.421495,,B9D74761253
Paradise Cut Upstream,PDUP,tidal river channel; land access,37.801027,-121.373089,,B9D74811224
Old River at Tracy Wildlife Association,TWA,tidal river channel; land access,37.802833,-121.457444,,B9D74821274
,M3 Lift Station,"Storm Water Pump Station, Lathrop",37.805,-121.3012,,B9D74831181
Old River near Doughty Cut - ORX,ORX,tidal river channel; boat access,37.8109972,-121.386575,,B9D74871232
Doughty Cut near Grantline Canal,DGL,tidal river channel,37.814717,-121.425209,,B9D74911256
Old River near Head ,OH1,tidal river channel; boat access,37.807595,-121.331218,,B9D74921216
Grant Line Canal East,GLE,tidal river channel; boat access,37.82025,-121.434861,,B9D74921261
Grant Ln Can @ Tracy Rd Bdg,GCT,,37.820111,-121.449833,,B9D74921269
Grantline Canal above Dam,GLCaboveDam,,37.82016111,-121.447425,,B9D74921510
Clifton Court Forebay at Intake,C9A,South Delta,37.8308,-121.557,,B9D74981334
Middle River at Undine Road,MRU,tidal river channel; land access,37.8339408,-121.3857561,,B9D75011230
,San Joaquin River at Brandt Bridge,"South Delta, Stockton, Lathrop",37.8646,-121.323,,B9D75191193
Victoria Canal near Byron,VCU,tidal canal; boat access,37.870944,-121.53,,B9D75231318
Middle River at Howard Road,MHO,tidal river channel; land access,37.876184,-121.383288,,B9D75261230
Middle R @ Tracy Rd Bdg,MRIVTRACY,,37.8813,-121.4566,,B9D75291273
Middle River near Tracy Road,MRX,tidal river channel; land access,37.881425,-121.467399,,B9D75291280
Middle River at Union Point,P10A,South Delta,37.890778,-121.488361,,B9D75351292
"Old River Near Byron, Near Highway 4 Bridge",Station 09,South Delta,37.891,-121.5702,,B9D75351342
,San Joaquin River Upstream of Stockton Waste Water Treatment Plant,"South Delta, Stockton",37.928731,-121.327768,,B9D75561197
,Stockton Waste Water Treatment Plant Downstream of Outfall,"South Delta, Stockton",37.9459,-121.341,,B9D75681205
Old River at Bacon Island,Bacon Island,Central Delta,37.9694,-121.5722,,B9D75811344
Old River at Rancho Del Rio,D28A,Central Delta,37.969697,-121.573145,Sampling locations vary between programs,B9D75821344
Calaveras River at Brookside Road,Calaveras at Brookside,"South Delta, Stockton",37.975556,-121.346639,,B9D75851208
,Contra Costa at Rock Slough,Central Delta,37.976917,-121.613083,,B9D75861368
Rock Slough at Delta Road Bridge,Rock Slough at Delta Road Bridge,Central Delta,37.9768,-121.6201,,B9D75861372
San Joaquin River at Buckley Cove,P8,South Delta,37.978248,-121.38232,,B9D75871229
Calaveras River at University of the Pacific Footbridge,Calaveras at UOP,"South Delta, Stockton",37.981361,-121.314,,B9D75891188
,San Joaquin River at Holt Road,South Delta,37.9947,-121.4199,,B9D75971227
Middle River near Holt,HLT,tidal river channel; boat access,38.003081,-121.510933,,B9D80021306
Holland Cut near Bethel Island,HOL,tidal river channel; boat access,38.015821,-121.582124,,B9D80101349
San Joaquin River at Antioch Ship Channel,D12,Confluence,38.021427,-121.806965,,B9D80131484
Bethel Island near Piper Slough,BET,land access station attached to a dock approximately 55 ft from the levee side of the channel,38.0333489 ,-121.6198269 ,,B9D80251385
Franks Tract near Russo's Landing,D19,Central Delta,38.047662,-121.622335,,B9D80261369
Sacramento River at Mallard Island,D10A,Confluence,38.042889,-121.920111,MAL,B9D80261551
Sacramento River at Chipps Island,D10,Confluence,38.048364,-121.918587,Sampling locations vary between programs,B9D80281551
False River near Oakley,FAL,tidal river channel; boat access,38.055469,-121.667129,,B9D80331400
Sacramento River above Point Sacramento,D4,Confluence,38.065164,-121.83486,,B9D80381492
Fisherman's Cut,FCT,tidal river channel; boat access,38.065612,-121.647933,,B9D80411389
Old River near Frank's Tract,OSJ,tidal river channel; boat access,38.071247,-121.578382,,B9D80431347
San Joaquin River at Potato Slough,D26,Central Delta,38.083861,-121.573184,,B9D80461340
Sacramento River at Emmaton,D22,Confluence,38.08709,-121.747399,,B9D80511443
San Joaquin River at Twitchell Island,D16,Central Delta,38.087988,-121.681134,,B9D80581401
Three Mile Slough at San Joaquin River,TSL,tidal river channel; boat access,38.103248,-121.686169,,B9D80621412
Sacramento River below Rio Vista Bridge near United States Coast Guard station,NZ068,North Delta,38.142716,-121.68948,,B9D80861414
Sacramento River below Rio Vista Bridge,D24,North Delta,38.15778,-121.6847,,B9D80951411
Sacramento River at Rio Vista (USGS),RVB - Rio Vista,,38.159722,-121.685833,,B9D80960412
Sacramento River Downstream of Isleton,SOI,tidal river channel; boat access,38.175591,-121.656919,,B9D81051394
Cache Slough near Ryer Island Gaging Station,Cache Sl at Ryer,Cache Slough,38.213358,-121.668558,,B9D81281401
Cache Slough at Ryer Island,RYI - Cache Slough,,38.2128,-121.6692,,B9D81281402
North Fork Mokelumne at Wimpy's Marina,Wimpy's,North Delta,38.228,-121.49089,,B9D81371295
Miner Slough below Prospect Island,Miner below P,Cache Slough,38.235111,-121.665964,,B9D81410400
South Tip of Liberty Island,Liberty at S End,,38.24285,-121.6836,,B9D81450411
,South Tip of Liberty Island,Cache Slough,38.24285,-121.6836,,B9D81461410
Lindsey Slough at Hastings Island Bridge,Lindsey Slough,Cache Slough,38.246667,-121.701667,,B9D81481421
,Mokelumne River at Benson's Ferry,North Delta,38.255289,-121.439967,,B9D81531264
Calhoun Cut at Highway 113,Calhoun Cut,Cache Slough,38.2602,-121.8055,,B9D81561483
Sacramento Deep Water Channel,SDWC,"Sacramento Deep Water Shipping Channel, Cache Slough",38.269411,-121.662322,,B9D81621397
Below Base of Toe Drain in Prospect Slough,BL5 -Below Toe Drain,,38.27428,-121.664178,,B9D81651399
,Upper Cache Slough,Cache Slough,38.282581,-121.766528,,B9D81701460
Miner Slough at Highway 84 Bridge,Miner at HWY84,"North Delta, Cache Slough",38.291658,-121.630842,,B9D81751379
Liberty Cut at USGS Piling,Liberty Cut,Cache Slough,38.32885,-121.66753,,B9D81971401
Wildlands Restoration Site,Wildlands,Cache Slough,38.335564,-121.671156,,B9D82011403
Sacramento River at Hood,C3A,North Delta,38.367655,-121.520475,SRH,B9D82211312
Sacramento River Upstream of the Sacramento Regional County Wastewater District Treatment Plant,,Sacramento,38.4613,-121.5035,,B9D82771302
Yolo Bypass Toe Drain Below Lisbon Weir,LIS,"River left downstream of Lisbon Weir in the  Toe Drain, same location as similarly named CDEC station",38.47482,-121.58858,Sampling locations vary between programs,B9D82851352
Putah Creek at Mace Blvd,Putah Creek at Mace,Yolo Bypass,38.5183,-121.6958,,B9D83141418
Sacramento River at Westin Boat Dock,Westin Boat Dock,Sacramento,38.536656,-121.516619,,B9D83221310
Brown's Island 2,2019-BN3,,38.037042,-121.873187,,B9S80221524
Brown's Island 1,2019-BN2,,38.037908,-121.871869,,B9S80231523
Brown's Island 3,2019-BN4,,38.040006,-121.870253,,B9S80241522
Disapointment Slough at Bishop Cut,MD10A,Central Delta,38.04208,-121.422196,,B9S80251252
Steamboat Slough,SXS,tidal river channel; boat access,38.1912721,-121.6378941,,B9S81131386
Miner Slough near Sacramento River,MIR,tidal river channel; boat access,38.2360319,-121.6660681,,B9S81421400
Cache Slough at Hastings Cut,Cache Sl at Hastings,Cache Slough,38.292692,-121.740483,,B9S81761444
,Shag Slough at Liberty Island Bridge,Yolo Bypass,38.306528,-121.693278,,B9S81841416
Castaic Lake Outlet Tower,Castaic Lake - Outlet,Castaic Lake - ~1000' from tower,34.5152,-118.6101,,CA002000
Castaic Lake at MWD turnout pipe,Castaic Dam Control Bldg.,Castaic Lake - Water quality station,34.5152,-118.6102,,CAS00000
Delta Mendota Canal @ McCabe Rd,Delta Mendota Canal,"Delta Mendota Canal - Side of the canal, US of McCabe Rd.",37.1329,-121.0407,,DMC06716
Del Valle Conserv. Outlet Works,Del Valle Conservation Outlet,Lake Del Valle - Water quality station,37.6183,-121.7494,,DV000000
San Pablo Bay near Pinole Point,D41 ,San Pablo Bay,38.030135,-122.372771,,E0B80182224
San Pablo Bay near Mouth of Petaluma River,D41A,San Pablo Bay,38.083333,-122.396333,,E0B80512234
Grizzly Bay at Dolphin near Suisun Slough,D7,Suisun & Grizzly Bay,38.116854,-122.039512,,E0B80702024
Carquinez Strait near Ozol Pier,NZ004,Carquinez Strait,38.03576,-122.1616,,E0E80212097
Carquinez Strait near Glencove Harbor,NZ002,Carquinez Strait,38.06529,-122.2152,,E0E80392129
Gallinas Creek 2,2020-GA2,,38.016183,-122.502017,,E2S800102301
Gallinas Creek 1,2020-GA1,,38.016333,-122.509283,,E2S800102306
Gallinas Creek 3,2020-GA3,,38.020417,-122.513783,,E2S80122308
Peyton Slough 1,2020-PY1,,38.03225,-122.10985,,E380192066
Peyton Slough 2,2020-PY2,,38.035467,-122.1103,,E380212066
Peyton Slough 3,2020-PY3,,38.037017,-122.11165,,E380222067
Wheeler Island 2,2020-WH2,,38.078583,-121.9444,,E380471567
Wheeler Island 3,2020-WH3,,38.079367,-121.942,,E380481565
Wheeler Island 1,2020-WH1,,38.079633,-121.947233,,E380481568
Goodyear Slough 3,2020-GY3,,38.13275,-122.08615,,E3807102052
Luco Slough 4,2020-LU4,,38.214717,-121.927367,,E380751331
Goodyear Slough 2,2020-GY2,,38.12985,-122.091917,,E380782055
Goodyear Slough 1,2020-GY1,,38.129383,-122.093083,,E380782056
Arnold Slough 1,2020-AR1,,38.175533,-121.909867,,E381051546
Arnold Slough 2,2020-AR2,,38.17705,-121.91015,,E381061546
Arnold Slough 3,2020-AR3,,38.176067,-121.91395,,E381061548
Second Mallard 3,2020-SM3,,38.18505,-122.0139,,E381112008
Second Mallard 2,2020-SM2,,38.188383,-122.012267,,E381132007
Second Mallard 1,2020-SM1,,38.189633,-122.00755,,E381142005
Luco Slough 3,2020-LU3,,38.200567,-121.9206,,E381201552
Luco Slough 2,2020-LU2,,38.202633,-121.921367,,E381221553
Luco Slough 1,2020-LU1,,38.207133,-121.92345,,E381241554
Suisun Bay at Bulls Head near Martinez,D6,Suisun & Grizzly Bay,38.046308,-122.121838,,E3B80272071
San Pablo Bay near Mare Island,NZ325,San Pablo Bay,38.057409,-122.289997,,E3B80352175
Suisun Bay off Middle Point near Nichols,D8,Suisun & Grizzly Bay,38.059971,-121.992062,,E3B80361594
Pacheco Slough 1,2019-PC1,,38.032192,-122.081747,,E3S80192049
Peyton-Kill Cage 1,2019-PYK1,,NA,NA,,E3S80192066
Peyton-Kill Cage 2,2019-PYK2,,NA,NA,,E3S80202066
Pacheco Slough 3,2019-PC3,,38.034965,-122.085815,,E3S80212052
Ryer Island 2,2019-RY2,,38.082793,-122.011659,,E3S804102007
Ryer Island 4,2019-RY4,,38.077227,-122.004736,,E3S80462003
Ryer Island 3,2019-RY3,,38.077069,-122.008395,,E3S80462005
Ryer Island 1,2019-RY1,,38.080843,-122.01702,,E3S80482010
"Montezuma Slough, second bend from mouth",NZ032,Suisun Marsh,38.171063,-122.020467,,E3S81022013
Arnold Slough 1,2019-AR1,,38.1746506,-121.9074223,,E3S81031544
Cross Slough 3,2019-CR3,,38.17329,-121.93064,,E3S81041558
Cross Slough 2,2019-CR2,,38.1739,-121.932242,,E3S81041559
Arnold Slough 2,2019-AR2,,38.175852,-121.909715,,E3S81051544
Cross Slough 1,2019-CR1,,38.17552,-121.93436,,E3S81051561
Arnold Slough 3,2019-AR3,,38.1779391,-121.9090407,,E3S81071545
Suisun Slough at Volanti Slough,NZS42,Suisun Marsh,38.1808,-122.049008,,E3S81082029
Denverton Slough 2,2019-DN2,,38.199817,-121.91685,,E3S811101550
Denverton Slough 3,2019-DN3,,38.199558,-121.920847,,E3S811101553
First Mallard 3,2019-FM3,,38.19497,-122.03268,,E3S811720110
First Mallard 2,2019-FM2,,38.1969,-122.0291,,E3S81182017
Denverton Slough 1,2019-DN1,,38.198417,-121.915467,,E3S81191549
First Mallard 1,2019-FM1,,38.1987,-122.0332,,E3S811920110
Luco Slough 5,2020-LU5,,38.21215,-121.921267,,E480751332
FRENCHMAN LK NR DM,Frenchman Lake,Upper Feather River Watershed - Near the dam,39.8944,-120.1925,,FR001000
Clifton Court Intake,Clifton Court Forebay,Aqueduct - DFD - Water quality station,37.8298,-121.5574,,KA000000
Delta Pumping Plant Headworks at H.O. Banks Pumping Plant,Banks Headworks,Aqueduct - DFD - Water quality station,37.7981,-121.6238,Sampling locations vary between programs,KA000331
"CA Aqueduct, Ck 13, O'Neill Outlet",O'Neill FB Outlet (Check 13),Aqueduct - SLFD - WQ station,37.0742,-121.0151,,KA007089
CALIFORNIA AQU NR KETTLEMAN CK-21,Check 21,Aqueduct - SLFD - WQ station,36.0142,-119.9769,,KA017226
"Cal Aqu at mi 197.05, Check 23",Check 23,Aqueduct - SJFD - Check structure,35.7076,-119.7835,,KA019705
Check 27,Check 27,Aqueduct - SJFD - Check structure,35.0167,-118.0167,,KA023173
CALIFORNIA AQU A CHECK 29,Check 29,Aqueduct - SJFD - Check structure,35.232,-119.3299,,KA024454
Teerink Pumping Plant,Teerink Pumping Plant,Aqueduct - SJFD - Water quality station,35.0319,-119.0076,,KA027813
CALIFORNIA AQUEDUCT AT CHECK 41,Check 41,Aqueduct - SFD - Water quality station,34.834,-118.7119,,KA030341
CALIFORNIA AQU A INL TO MOJAVE SI,Check 66,Aqueduct - SFD - Water quality station,34.336,-117.3036,,KA040341
Devil Canyon 2nd Afterbay,Devil Canyon 2nd Afterbay,Aqueduct - SFD - Water quality station,34.2031,-117.3403,,KA041323
,South Bay Aqueduct Mile Marker 4.55,South Bay Aqueduct,37.747,-121.67527,,KB000455
,South Bay Aqueduct Mile Marker 7.61,South Bay Aqueduct,37.7177,-121.69033,,KB000761
,South Bay Aqueduct Mile Marker 8.75 at Farm Bridge,South Bay Aqueduct,37.7044,-121.70659,,KB000875
,South Bay Aqueduct Farm Bridge at Wente I.T.O.,South Bay Aqueduct,37.6543,-121.7066,,KB001360
,South Bay Aqueduct Mile Marker 15.93 at Farm Bridge,South Bay Aqueduct,37.6547,-121.73517,,KB001593
South Bay Aqueduct Del Valle Check 7,Del Valle Check No. 7,South Bay Aqueduct - Water quality station,37.6547,-121.7419,,KB001638
North Bay Aqueduct at Barker Slough Pumping Plant,Barker Slough Pumping Plant,North Bay Aqueduct - Water quality station,38.2759,-121.7965,,KG000000
LK DAVIS A STA 1 NR DM,Lake Davis,Upper Feather River Watershed - Near the dam,39.8857,-120.4789,,LD001000
Low Salinity Zone - 2000 uS/cm bottom specific conductance,LSZ2,Low Salinity Zone,NA,NA,,NA
Low Salinity Zone in San Joaquin River - 2000 uS/cm bottom specific conductance,LSZ2-SJR,Low Salinity Zone,NA,NA,,NA
Low Salinity Zone - 6000 uS/cm bottom specific conductance,LSZ6,Low Salinity Zone,NA,NA,,NA
Low Salinity Zone in San Joaquin River - 6000 uS/cm bottom specific conductance,LSZ6-SJR,Low Salinity Zone,NA,NA,,NA
ARNO,Arnold Slough,Restoration project in Nurse-Denverton. Construction was completed October 2021.,NA,NA,,NA
BLAC,Blacklock Marsh,Reference marsh for Arnold and Bradmoor restoration projects. Blacklock Marsh was an earlier restoration project that was completed in 2006.,NA,NA,,NA
BRAD,Bradmoor Island,Restoration project in Nurse-Denverton. Construction was completed in November 2022.,NA,NA,,NA
BROA,Broad Slough,Adjacent water body for Winter Island restoration project.,NA,NA,,NA
BROW,Browns Island,Reference marsh for Winter Island and Chipps Island restoration projects,NA,NA,,NA
CACH,Cache Slough,The slough to the southwest of the Lookout Slough restoration project,NA,NA,,NA
CHIP,Chipps Island,Planned restoration project in the Sacramento-San Joaquin Confluence.,NA,NA,,NA
DECK,Decker Island,"	Restoration project in the lower Sacramento River. Construction was completed in October 2018.",NA,NA,,NA
DOW,Dow,Corteva Wetlands Preserve (formerly Dow Wetland Preserve) in the Sacramento-San Joaquin Confluence. Dow was sampled as a potential restoration project but is no longer sampled by FRP.,NA,NA,,NA
GRIZ,Grizzly Bay,Adjacent water body for Tule Red restoration project.,NA,NA,,NA
HONK,Honker-Spoonbill,Honker Bay and Spoonbill are the adjacent waterbodies for Chipps Island.,NA,NA,,NA
HORS,Horseshoe Bend,Horseshoe Bend,NA,NA,,NA
LIBE,Liberty Island,Liberty Island,NA,NA,,NA
LIND,Lindsey Slough,Lindsey Slough was sampled as a potential reference for projects in the Cache Slough Complex but is no longer sampled. It is a CDFW restoration project that was completed in 2014,NA,NA,,NA
LOOK,Lookout Slough,Restoration project in Cache Slough Complex. Completed in 2024.,NA,NA,,NA
LOWE,Lower Yolo Ranch,"Restoration project in the Cache Slough Complex, North Delta. Construction was completed in August 2020.",NA,NA,,NA
MINE,Miner Slough,Adjacent water body for Prospect Island restoration project.,NA,NA,,NA
MONTE,Montezuma,This is the section of the Montezuma Slough that is outside of Nurse-Denverton.,NA,NA,,NA
NURS,Nurse-Denverton,Adjacent water body for Arnold Slough and Bradmoor Island restoration projects.,NA,NA,,NA
PEYT,Peytonia-Suisun,Adjacent water body for Wings Landing restoration project.,NA,NA,,NA
PROS,Prospect Island,Planned restoration project in Cache Slough Complex.,NA,NA,,NA
RUSH,Rush Ranch,Reference for Wings Landing restoration project. Part of the San Francisco Bay National Estuarine Research Reserve.,NA,NA,,NA
RYER,Ryer Island,Reference for Tule Red restoration project,NA,NA,,NA
SHAG,Shag Slough,Adjacent water body for Lookout Slough restoration project.,NA,NA,,NA
SHER,Sherman Island,Sherman Island in the Sacramento-San Joaquin Confluence,NA,NA,,NA
STAI,Stairsteps-Liberty Cut,Adjacent water body for Lower Yolo Ranch.,NA,NA,,NA
SUIS,Suisun Bay,Suisun Bay near Ryer Island,NA,NA,,NA
TOED,Toe Drain,Adjacent water body for Yolo Flyway Farms,NA,NA,,NA
TULE,Tule Red,Restoration project in Suisun Slough. Construction was completed in October 2019.,NA,NA,,NA
NA,Tule Red_Adjacent,Ponded wetland adjacent to Tule Red restoration project. Sampled before restoration.,NA,NA,,NA
WEBB,Webb Tract Islands and Berms,"Reference for Decker Island restoration project. A remnant marsh northeast of Webb Tract. Was incorrectly spelled in EDI2021 data as ""Webb Tract Island and Berm"".",NA,NA,,NA
WING,Wings Landing,Restoration project in west Suisun Marsh. Construction was completed in September 2020.,NA,NA,,NA
WINT,Winter Island,Restoration project in the Sacramento-San Joaquin Confluence. Construction was completed in September 2019,NA,NA,,NA
FLYW,Yolo Flyway Farms,Restoration project in Cache Slough Complex. Construction was completed in September 2018,NA,NA,,NA
Gianelli Water Quality Station near Pumping Plant,Gianelli,California Aqueduct,37.066456,-121.07219,,ON003050
LK OROVILLE NR DM STA 1,Lake Oroville Dam,Lake Oroville - Near the dam,39.5384,-121.4822,,OR001000
Lake Oroville at North Fork,Lake Oroville North Fork,Lake Oroville - North Fork Arm,39.6743,-121.4758,,OR005000
Lake Oroville at Middle Fork,Lake Oroville Middle Fork,Lake Oroville - Middle Fork Arm,39.5667,-121.4022,,OR006000
Lake Oroville at South Fork,Lake Oroville South Fork,Lake Oroville - South Fork Arm,39.5356,-121.3596,,OR007000
Lake Perris Outlet,Lake Perris - Outlet,"Lake Perris - On lake, via boat",33.8397,-117.1763,,PE002000
PYRAMID LK A ANGELES Tunnel INtake Outlet,Pyramid Lake - Outlet,Pyramid Lake - Near buoy line,34.6449,-118.767,,PY001000
PYRAMID LK A PROJECT INLET,Pyramid Lake - Inlet,Pyramid Lake - Near no wake buoys,34.6768,-118.7834,,PY003000
PYRAMID LAKE NORTH OF CHUMASH ISLAND,Pyramid Lake - Chumash Is.,Pyramid Lake - Near island,34.6553,-118.7692,,PY005000
Pyramid @ Serrano,Pyramid Lake - Serrano,Pyramid Lake - Off of day use area beach,34.655,-118.7599,,PY008000
Pyramid Lake near Yellowbar,Pyramid Lake - Yellowbar,Pyramid Lake - Off of day use area beach,34.6617,-118.7989,,PY011000
Silverwood Lk Outlet Tower (San Bernardino Tunnel),Silverwood Lake - Outlet,"Silverwood Lake - On lake, via boat",34.2803,-117.3299,,SI002000
Pacheco Pumping Plant,Pacheco Pumping Plant,San Luis Reservoir - WQ station,37.0619,-121.1806,,SL000000
THERMALITO AFTERBAY A FEATHER R,Thermalito Afterbay Outlet,Thermalito Afterbay - Between the radial gates and the weir,39.4562,-121.637,,TA001000
