site,cagename.wq.bryte,cagecode.wq.bryte,datetime.wq.bryte,date.wq.bryte,fieldnotes.wq.sonde,dnh4.mgperL,chla.ugperL,din.mgperL,doc.mgperL,toc.mgperL,dop.mgperL,pha.ugperL,tp.mgperL,tkn.mgperL,conductivity.mscm.wq.sonde,ph.mv.wq.sonde,tempc.wq.sonde,turb.ntu.wq.sonde
Arnold Slough 1,Arnold 1,2020-AR1,2020-02-24T20:01:00Z,2020-02-24,,0.14,4.15,0.53,3.8,3.8,0,1.78,0.094,0.6,2444,7.7,12.699999,21.78
Arnold Slough 1,Arnold 1,2020-AR1,2020-03-05T16:10:00Z,2020-03-05,,0.13,4.09,0.47,3.4,3.4,0.054,2.92,0.09,0.5,1855,7.799999,13.65,27.489999
Arnold Slough 1,Arnold 1,2020-AR1,2020-03-11T19:40:00Z,2020-03-11,,,3.07,0.49,3.5,3.5,0,1.65,0.08,0.5,3077,7.62,15.27,18.85
Arnold Slough 2,Arnold 2,2020-AR2,2020-02-24T19:34:00Z,2020-02-24,,0.104,2.1,0.53,3.5,3.5,0,1.37,0.094,0.5,2378,7.799999,12.859999,24.19
Arnold Slough 2,Arnold 2,2020-AR2,2020-03-05T16:28:00Z,2020-03-05,,0.14,4.5,0.47,3.45,3.35,0.0535,2.36,0.09,0.5,1911,7.62,13.619999,25.09
Arnold Slough 2,Arnold 2,2020-AR2,2020-03-11T19:10:00Z,2020-03-11,,,4.76,0.46,3.6,3.6,0,2.31,0.07,0.5,3073,7.669999,15.297,24.809999
Arnold Slough 3,Arnold 3,2020-AR3,2020-02-24T19:24:00Z,2020-02-24,,,2.3,0.52,3.7,3.7,0,1.03,0.1,0.5,2388,8,13.01,28.69
Arnold Slough 3,Arnold 3,2020-AR3,2020-03-05T16:42:00Z,2020-03-05,,,5.52,0.48,3.3,3.1,0.055,1.97,0.08,0.5,1875,7.69,13.77,19.309999
Arnold Slough 3,Arnold 3,2020-AR3,2020-03-11T18:33:00Z,2020-03-11,,,3.14,0.46,3.6,3.6,0,1.61,0.09,0.6,3071,7.71,15.15,26.78
Brown's Island 1,Brown 1,2020-BR1,2020-02-27T17:19:00Z,2020-02-27,,0,1.8,0.235,3.7,9.4,0.056,0.66,0.08,0.4,2024,7.5,12.859999,7.48
Brown's Island 1,Brown 1,2020-BR1,2020-03-05T21:45:00Z,2020-03-05,,,3.54,0.26,3.7,3.9,0.056,0.87,0.07,0.4,1789,7.9,14.05,8.47
Brown's Island 1,Brown 1,2020-BR1,2020-03-12T20:47:00Z,2020-03-12,pH meter malfunctioned don't have accurate pH data,,4.56,0.124,4,3.9,0.056,0.84,0.07,0.4,2822,,15.31,6.32
Brown's Island 2,Brown 2,2020-BR2,2020-02-27T17:40:00Z,2020-02-27,,,1.94,0.34,3.2,3.2,0.051,1.55,0.1,0.5,1721,7.599999,13.25,16.539999
Brown's Island 2,Brown 2,2020-BR2,2020-03-05T21:23:00Z,2020-03-05,,,2.12,0.433,3.1,3.1,0.06,1.29,0.09,0.4,1768,8,13.77,13.92
Brown's Island 2,Brown 2,2020-BR2,2020-03-12T21:24:00Z,2020-03-12,pH meter malfunctioned don't have accurate pH data,,3.84,0.29,3.2,4.1,0.054,1.45,0.07,0.4,3032,,14.98,14.65
Brown's Island 3,Brown 3,2020-BR3,2020-02-27T17:53:00Z,2020-02-27,,,2.48,0.498,2.7,2.7,0.057,1.25,0.09,0.434,1389,7.9,13.17,17.91
Brown's Island 3,Brown 3,2020-BR3,2020-03-05T21:01:00Z,2020-03-05,,,3.46,0.51,2.6,2.4,0.064,2.1,0.09,0.4,5234,8,13.64,22.52
Brown's Island 3,Brown 3,2020-BR3,2020-03-12T22:03:00Z,2020-03-12,pH meter malfunctioned don't have accurate pH data,,5.43,0.47,2.3,2.2,0.062,2.47,0.09,0.4,4473,,15.56,23.3
Gallinas Creek 1,Gallinas 1,2020-GA1,2020-02-26T22:00:00Z,2020-02-26,,,19.24,0.17,2,2,0.098,1.77,0.161,0.6,32869,8.5,14.949999,19.34
Gallinas Creek 1,Gallinas 1,2020-GA1,2020-03-06T15:00:00Z,2020-03-06,took data from NERRS Gallinas station at 7 am,,6.26,0.36,1,1,0.092,1.6,0.14,0.4,3291,7.9,15.6,33
Gallinas Creek 1,Gallinas 1,2020-GA1,2020-03-11T21:26:00Z,2020-03-11,pH meter malfunctioned don't have accurate pH data,,19.52,0.36,2,2,0.115,2.16,0.188,0.7,34818,,16.109999,28.85
Gallinas Creek 2,Gallinas 2,2020-GA2,2020-03-05T15:10:00Z,2020-03-05,took data from Gallinas NERRS station at 7 am,,6.82,0.36,0.8,0.8,0.091,0.52,0.124,0.4,3291,7.9,15.6,33
Gallinas Creek 3,Gallinas 3,2020-GA3,2020-02-26T22:30:00Z,2020-02-26,,,14.87,0.28,1.9,2,0.088,1.36,0.151,0.6,33208,8.599999,16.21,14.21
Gallinas Creek 3,Gallinas 3,2020-GA3,2020-03-05T15:15:00Z,2020-03-05,took data from Gallinas NERRS station at 7am,,5.95,0.36,0.7,0.7,0.087,0.93,0.111,0.3,3291,7.9,12.6,33
Gallinas Creek 3,Gallinas 3,2020-GA3,2020-03-11T20:52:00Z,2020-03-11,pH meter malfunctioned don't have accurate pH data,,15.4,0.4,1.3,1.2,0.113,1.63,0.156,0.6,34851,,16.059999,21.27
Goodyear Slough 1,Goodyear 1,2020-GY1,2020-02-24T20:48:00Z,2020-02-24,,,2.37,0.49,4,4,0.052,4.4,0.17,0.8,7347,7.7,13.46,14.21
Goodyear Slough 1,Goodyear 1,2020-GY1,2020-03-05T19:19:00Z,2020-03-05,,,0,0.52,2.5,2.5,0.061,16.89,0.07,0.4,8489,7.7,14.69,24.399999
Goodyear Slough 1,Goodyear 1,2020-GY1,2020-03-10T17:30:00Z,2020-03-10,,,5.51,0.55,7.5,7.3,0,4.86,0.155,1.3,10526,7.269999,13.949999,63.35
Goodyear Slough 2,Goodyear 2,2020-GY2,2020-02-24T21:00:00Z,2020-02-24,,,3.39,0.495,3.5,3.5,0.057,3.1,0.14,0.7,6695,7.799999,13.31,52.18
Goodyear Slough 2,Goodyear 2,2020-GY2,2020-03-05T19:38:00Z,2020-03-05,,,7.28,0.52,2.4,2.3,0.092,1.69,0.109,0.4,9424,7.79,14.21,27.219999
Goodyear Slough 2,Goodyear 2,2020-GY2,2020-03-10T19:00:00Z,2020-03-10,,,3.01,0.54,2.8,2.8,0.063,5.63,0.214,0.8,8817,7.62,14.05,77.54
Goodyear Slough 3,Goodyear 3,2020-GY3,2020-02-24T21:13:00Z,2020-02-24,,,3.36,0.51,3.1,3.1,0.064,3.28,0.14,0.7,6013,7.9,13.22,57.189999
Goodyear Slough 3,Goodyear 3,2020-GY3,2020-03-05T19:53:00Z,2020-03-05,,,1.96,0.52,2.2,2.2,0.063,1.67,0.09,0.4,9873,7.809999,14.38,25.34
Goodyear Slough 3,Goodyear 3,2020-GY3,2020-03-10T19:59:00Z,2020-03-10,,,3.51,0.54,3.4,3.4,0.054,6.02,0.218,1,8567,7.73,14.324999,93.7
Luco Slough 1,Luco 1,2020-LU1,2020-02-24T23:48:00Z,2020-02-24,,,3.21,0.47,5.3,5.3,0,2.31,0.1,0.8,2845,7.7,13.81,34.789999
Luco Slough 1,Luco 1,2020-LU1,2020-03-05T17:08:00Z,2020-03-05,,,4.81,0.55,7.1,6.8,0,2.95,0.112,0.9,3263,7.559999,14.24,37.799999
Luco Slough 1,Luco 1,2020-LU1,2020-03-10T21:53:00Z,2020-03-10,,,5.85,0.49,5.5,5.5,0,3,0.115,0.8,3591,7.75,14.33,41.299999
Luco Slough 2,Luco 2,2020-LU2,2020-02-25T00:23:00Z,2020-02-24,,,3.55,0.48,4.6,4.6,0,2.17,0.1,0.7,2586,7.7,13.66,31.289999
Luco Slough 2,Luco 2,2020-LU2,2020-03-10T23:15:00Z,2020-03-10,,,5.12,0.48,5.6,4.7,0,2.72,0.1,0.755,3393,7.809999,14.199,33.17
Lucco Slough 3,Luco 3,2020-LU3,2020-02-25T00:29:00Z,2020-02-24,,,3.17,0.49,4.4,4.4,0,2.11,0.1,0.6,2540,7.7,13.66,32.09
Lucco Slough 3,Luco 3,2020-LU3,2020-03-05T17:25:00Z,2020-03-05,,,4.59,0.52,5.3,5.4,0,1.76,0.1,0.7,2661,7.629999,14.199999,27.739999
Lucco Slough 3,Luco 3,2020-LU3,2020-03-10T23:46:00Z,2020-03-10,,,3.86,0.49,4.5,4.5,0,2.72,0.13,0.8,3419,7.719999,14.289999,27.76
Luco Slough 4,Luco 4,2020-LU4,2020-02-24T23:27:00Z,2020-02-24,,,4.65,0.49,7.3,7.1,0,3.92,0.126,0.9,4188,7.5,14.41,37.24
Luco Slough 4,Luco 4,2020-LU4,2020-03-06T19:00:00Z,2020-03-06,Used field data from L1,,7.04,0.624,9.1,9.1,0,4.83,0.124,1.3,3263,7.559999,14.24,37.799999
Luco Slough 4,Luco 4,2020-LU4,2020-03-10T23:23:00Z,2020-03-10,,,9.5,0.59,11,11,0,4.69,0.14,1.72,5169,7.419999,14.89,38.759999
Luco Slough 5,Luco 5,2020-LU5,2020-02-25T00:11:00Z,2020-02-24,,,4.35,0.48,6.7,6.5,0,3.14,0.13,0.9,3601,7.599999,13.949999,40.82
Luco Slough 5,Luco 5,2020-LU5,2020-03-06T19:30:00Z,2020-03-06,Used field data from L1,,8.77,0.56,7.1,7.2,0,4.13,0.111,0.9,3263,7.559999,14.24,37.799999
Luco Slough 5,Luco 5,2020-LU5,2020-03-10T23:30:00Z,2020-03-10,,,5.86,0.52,7.9,7.9,0,3.63,0.125,1.2,4350,7.469999,14.49,33.56
2nd Mallard Slough 1,Second Mallard 1,2020-SM1,2020-02-24T22:33:00Z,2020-02-24,,,3.1,0.49,3.3,3.25,0.059,1.59,0.111,0.6,2056,7.9,13.21,32.229999
2nd Mallard Slough 1,Second Mallard 1,2020-SM1,2020-03-05T18:01:00Z,2020-03-05,,,5.83,0.49,3.2,3.3,0.055,1.74,0.1,0.5,1749,7.78,13.57,26.3
2nd Mallard Slough 1,Second Mallard 1,2020-SM1,2020-03-11T20:46:00Z,2020-03-11,,0.09,4.76,0.55,3.9,3.9,0.073,2.95,0.15,0.6,3261,7.679999,14.46,43.52
2nd Mallard Slough 2,Second Mallard 2,2020-SM2,2020-02-24T22:49:00Z,2020-02-24,,,2.33,0.48,2.9,2.9,0.056,3.01,0.104,0.5,2065,7.9,13.17,32.31
2nd Mallard Slough 2,Second Mallard 2,2020-SM2,2020-03-05T18:15:00Z,2020-03-05,,,6.89,0.497,3.2,3.2,0.052,1.81,0.104,0.5,1767,7.679999,13.529999,28.73
2nd Mallard Slough 2,Second Mallard 2,2020-SM2,2020-03-11T21:13:00Z,2020-03-11,,0.09,4.92,0.47,3.2,3.1,0.056,2.89,0.12,0.6,3099,7.74,14.928,36.07
2nd Mallard Slough 3,Second Mallard 3,2020-SM3,2020-02-24T21:46:00Z,2020-02-24,,,3.03,0.49,3.2,3.2,0.056,2.11,0.12,0.6,2078,8,12.94,43.27
2nd Mallard Slough 3,Second Mallard 3,2020-SM3,2020-03-05T18:27:00Z,2020-03-05,,,8.35,0.49,3.2,3.2,0.055,0,0.09,0.5,1795,7.71,13.609999,28.449999
2nd Mallard Slough 3,Second Mallard 3,2020-SM3,2020-03-11T21:40:00Z,2020-03-11,,,4.05,0.46,3.2,3.3,0.052,2.44,0.151,0.626,2942,7.73,14.83,50.25
Peyton Slough 3,Peyton 3,2020-PY3,2020-02-27T21:54:00Z,2020-02-27,,,1.8,0.53,1.4,1.5,0.068,1.19,0.114,0.432,14899,8.72,15.48,23.03
Peyton Slough 3,Peyton 3,2020-PY3,2020-03-05T17:33:00Z,2020-03-05,,,1.21,0.49,2.1,2.1,0.072,0.86,0.08,0.6,24827,7.7,13.279999,15.369999
Peyton Slough 3,Peyton 3,2020-PY3,2020-03-12T17:20:00Z,2020-03-12,pH meter malfunctioned don't have accurate pH data,,2.45,1.33,2,2,0.087,4.84,0.15,0.6,17103,,14.01,26.75
Peyton Slough 1,Peyton 1,2020-PY1,2020-02-27T21:23:00Z,2020-02-27,,,3.59,1.5,2.7,2.7,0.074,4.02,0.14,0.6,13029,8.4,15.93,11.97
Peyton Slough 1,Peyton 1,2020-PY1,2020-03-05T18:12:00Z,2020-03-05,,,0.98,0.49,1.8,1.7,0.075,1.08,0.09,0.7,24062,7.799999,13.369999,12.22
Peyton Slough 1,Peyton 1,2020-PY1,2020-03-12T15:33:00Z,2020-03-12,pH meter malfunctioned don't have accurate pH data,,1.5,0.57,1.4,1.4,0.077,2.45,0.115,0.5,18796,,13.48,21.75
Peyton Slough 2,Peyton 2,2020-PY2,2020-02-27T21:45:00Z,2020-02-27,,,2.02,0.6,1.5,1.5,0.071,1.9,0.12,0.441,14904,8.099999,15.31,25.52
Peyton Slough 2,Peyton 2,2020-PY2,2020-03-05T17:50:00Z,2020-03-05,,,1.15,0.48,1.5,1.5,0.071,0.93,0.08,0.3,24848,7.799999,13.33,13.64
Peyton Slough 2,Peyton 2,2020-PY2,2020-03-12T16:50:00Z,2020-03-12,pH meter malfunctioned don't have accurate pH data,,2.62,1.01,2,2.5,0.076,4.78,0.14,0.629,17506,,13.699999,22.59
Sherman Island 1,Sherman 1,2020-SH1,2020-02-27T18:16:00Z,2020-02-27,,,5.19,0.19,3.45,3.3,0.055,3.97,0.1,0.5,601,7.799999,13.48,3.98
Sherman Island 1,Sherman 1,2020-SH1,2020-03-05T22:51:00Z,2020-03-05,,,2.82,0.36,3.2,3.4,0.068,1.19,0.08,0.4,1339,7.9,14.15,9.14
Sherman Island 1,Sherman 1,2020-SH1,2020-03-10T18:08:00Z,2020-03-10,,0,3.06,0.2,3.2,3.2,0.068,3.07,0.09,0.4,812,8.3,13.029999,9.32
Sherman Island 2,Sherman 2,2020-SH2,2020-02-27T18:25:00Z,2020-02-27,,,2.41,0.33,3.3,3.2,0.053,1.51,0.08,0.4,576,7.599999,13.279999,8.349999
Sherman Island 2,Sherman 2,2020-SH2,2020-03-05T23:13:00Z,2020-03-05,,,2.69,0.39,3.3,3.2,0.064,1.45,0.08,0.4,1516,7.9,14.26,8.279999
Sherman Island 2,Sherman 2,2020-SH2,2020-03-10T17:11:00Z,2020-03-10,,0,2.02,0.29,3.2,3.2,0.0615,1.76,0.07,0.4,816,9.3,12.92,5.23
Sherman Island 3,Sherman 3,2020-SH3,2020-02-27T18:34:00Z,2020-02-27,,,2.55,0.38,3.2,3.2,0.055,1.32,0.09,0.4,558,7.7,13.43,9.65
Sherman Island 3,Sherman 3,2020-SH3,2020-03-05T23:32:00Z,2020-03-05,,,3.13,0.39,3.2,3.2,0.064,1.24,0.07,0.376,1624,8,14.58,9.14
Sherman Island 3,Sherman 3,2020-SH3,2020-03-10T16:23:00Z,2020-03-10,,,2.45,0.34,3.1,3,0.06,2.51,0.08,0.4,860,9.3,13.029999,12.1
Wheeler Island 1,Wheeler 1,2020-WH1,2020-02-27T19:57:00Z,2020-02-27,,,2.72,0.496,2.8,2.4,0.052,2.13,0.11,0.5,4057,8.199999,15.41,37.399999
Wheeler Island 1,Wheeler 1,2020-WH1,2020-03-05T19:41:00Z,2020-03-05,,,4.27,0.51,2.2,2.2,0.068,1.46,0.09,0.4,12564,8,13.94,22.559999
Wheeler Island 1,Wheeler 1,2020-WH1,2020-03-12T18:46:00Z,2020-03-12,pH meter malfunctioned don't have accurate pH data,,2.03,0.48,2,2,0.056,2.05,0.08,0.5,8003,,15.1,25.559999
Wheeler Island 2,Wheeler 2,2020-WH2,2020-02-27T20:04:00Z,2020-02-27,,,2.69,0.38,2.7,2.5,0,2.55,0.12,0.4,4014,8.099999,15.15,49.009999
Wheeler Island 2,Wheeler 2,2020-WH2,2020-03-05T19:59:00Z,2020-03-05,,,5.71,0.51,2.2,2.3,0.072,0.95,0.09,0.3,12010,8,14.02,22.559999
Wheeler Island 2,Wheeler 2,2020-WH2,2020-03-12T19:14:00Z,2020-03-12,pH meter malfunctioned don't have accurate pH data,,1.54,0.49,2,2.3,0.058,1.57,0.09,0.5,7914,,15.33,23.789999
Wheeler Island 3,Wheeler 3,2020-WH3,2020-02-27T19:36:00Z,2020-02-27,,0.07,2.54,0.496,2.5,2.6,0,1.26,0.1,0.4,3962,8.699999,14.48,25.989999
Wheeler Island 3,Wheeler 3,2020-WH3,2020-03-05T19:41:00Z,2020-03-05,,,5.06,0.52,2.1,2.2,0.069,0.99,0.09,0.3,12037,8,14.119999,19.71
Wheeler Island 3,Wheeler 3,2020-WH3,2020-03-12T19:48:00Z,2020-03-12,pH meter malfunctioned don't have accurate pH data,,1.83,0.49,2.1,2.2,0.059,1.64,0.09,0.5,7875,,15.66,34.13
