Year,Mo,Date,SAC,YOLO,CSMR,MOKE,MISC,SJR,EAST,TOT,CCC,SWP,CVP,NBAQ,EXPORTS,GCD,PREC,MISDV,CD,XGEO,WEST,RIO,OUT,EXPIN,DIVER,EFFEC,EFFDIV,X2
2023,10,2023-10-01,17000,36,69,325,140,1680,2215,19251,280,6671,3455,67,10473,2137,0,0,2137,7790,-1858,8648,6640,0.53,66,17571,62,79.28
2023,10,2023-10-02,16800,35,81,296,188,1710,2275,19110,280,6673,3457,74,10484,2086,0,0,2086,5610,-3955,10641,6540,0.53,66,17400,62,79.41
2023,10,2023-10-03,16500,32,76,277,194,1640,2187,18719,288,5991,3460,79,9817,2030,0,0,2030,3813,-5136,12151,6873,0.5,63,17079,60,79.5
2023,10,2023-10-04,15800,32,72,306,175,1470,2023,17854,295,4994,3334,75,8699,2015,0,0,2015,3500.45,-4486,11767,7140,0.46,60,16384,56,79.55
2023,10,2023-10-05,15100,32,70,786,158,1560,2574,17706,290,4988,3196,93,8567,1969,0,0,1969,3660,-3612,10921,7171,0.46,60,16146,56,79.6
2023,10,2023-10-06,14400,31,68,1247,135,2030,3480,17911,290,2989,4000,90,7368,1965,0,0,1965,5280,114,8601,8578,0.39,52,15881,46,79.54
2023,10,2023-10-07,13500,30,65,1074,107,2890,4136,17666,283,2490,4288,89,7150,1918,0,0,1918,5900,1640,7093,8598,0.38,51,14776,42,79.47
2023,10,2023-10-08,12700,31,65,826,85,3190,4166,16897,274,2494,4284,90,7142,1913,0,0,1913,5620,1400,6575,7842,0.4,54,13707,43,79.47
2023,10,2023-10-09,12400,32,62,560,65,3070,3758,16190,245,1989,4323,92,6649,1927,0,0,1927,3840,-304,8052,7614,0.39,53,13120,42,79.49
2023,10,2023-10-10,12400,32,66,337,61,2480,2944,15376,230,298,3462,84,4074,1877,0,0,1877,2998,648,8909,9425,0.24,39,12896,27,79.37
2023,10,2023-10-11,12400,33,67,369,61,2000,2497,14930,248,296,3485,86,4115,1871,0,0,1871,2990.01,156,8919,8944,0.25,40,12930,31,79.28
2023,10,2023-10-12,12200,36,71,851,62,1850,2834,15070,253,799,2651,78,3782,1870,0,0,1870,3214,1051,8499,9419,0.23,38,13220,29,79.17
2023,10,2023-10-13,11900,35,70,1279,80,2260,3689,15624,252,799,2645,76,3772,1870,0,0,1870,4650,3351,6761,9982,0.22,36,13364,25,79.03
2023,10,2023-10-14,11400,33,67,1106,99,3400,4672,16105,252,798,2646,83,3778,1821,0,0,1821,5450,5160,5473,10506,0.21,35,12705,17,78.87
2023,10,2023-10-15,10900,32,65,858,98,3710,4732,15663,189,798,2056,93,3136,1837,0,0,1837,5190,5591,5227,10690,0.18,32,11953,11,78.7
2023,10,2023-10-16,10600,31,62,597,99,3270,4027,14659,204,794,2645,91,3733,1836,0,0,1836,3860,2961,6257,9090,0.23,38,11389,20,78.64
2023,10,2023-10-17,10600,31,61,370,97,2620,3148,13779,227,794,2639,86,3746,1824,0,0,1824,2825.6,1042,7295,8208,0.25,40,11159,26,78.66
2023,10,2023-10-18,10400,105,63,406,98,2140,2706,13211,233,794,1809,72,2908,1773,0,0,1773,2710.9,1357,7298,8530,0.2,35,11071,23,78.65
2023,10,2023-10-19,10100,146,62,880,97,1910,2949,13195,227,791,921,68,2006,1771,0,0,1771,2839,2631,6911,9418,0.13,29,11285,17,78.57
2023,10,2023-10-20,9740,133,62,1291,97,2110,3560,13433,222,795,923,70,2009,1768,0,0,1768,3860,4262,5518,9656,0.13,28,11323,15,78.48
2023,10,2023-10-21,9830,133,60,1106,97,2550,3813,13777,227,794,924,73,2017,1774,0,0,1774,4440,5083,5026,9985,0.12,28,11227,11,78.38
2023,10,2023-10-22,10100,134,66,876,97,3000,4039,14273,227,800,922,56,2004,1783,573.262708333,0,1210,4410,5659,5485,11060,0.12,23,12142,9,78.22
2023,10,2023-10-23,10600,123,104,619,98,3120,3941,14664,167,0,921,67,1154,1732,573.262708333,0,1159,3212,5245,7186,12350,0.06,16,13023,5,77.99
2023,10,2023-10-24,10700,100,92,381,97,2640,3210,14010,134,0,919,51,1104,1735,573.262708333,0,1162,2717.7,4069,7757,11745,0.06,16,12418,5,77.81
2023,10,2023-10-25,10600,67,75,414,99,2120,2707,13375,221,299,918,43,1481,1732,573.262708333,0,1159,2770.01,3243,7573,10734,0.09,20,11823,9,77.7
2023,10,2023-10-26,10800,47,70,899,99,1930,2998,13845,227,290,917,55,1488,1720,573.262708333,0,1147,3003,3768,7523,11210,0.08,19,11915,6,77.56
2023,10,2023-10-27,10700,40,72,1316,100,2240,3728,14468,235,290,914,80,1519,1725,0,0,1725,4330,5418,5927,11224,0.08,22,12228,8,77.43
2023,10,2023-10-28,10600,41,70,1134,99,2970,4273,14915,226,290,915,91,1522,1729,0,0,1729,5080,6707,5077,11663,0.08,22,12725,8,77.29
2023,10,2023-10-29,10500,43,70,888,105,3330,4393,14937,222,290,915,80,1507,1685,0,0,1685,4840,6631,5231,11745,0.08,21,12722,8,77.14
2023,10,2023-10-30,10400,43,68,636,100,3280,4085,14528,220,289,914,83,1506,1686,0,0,1686,3770,5253,6201,11336,0.08,22,12314,8,77.03
2023,10,2023-10-31,10200,42,67,397,104,2880,3449,13691,230,292,916,84,1522,1684,0,0,1684,2767.1,3599,7003,10485,0.09,23,11566,9,76.98
2023,11,2023-11-01,9810,47,66,431,105,2570,3172,13029,117,5988,2112,82,8298,1688,0,0,1688,2703,-3521,6681,3042,0.62,77,10459,71,77.72
2023,11,2023-11-02,9690,62,66,828,107,2300,3301,13053,122,3991,2727,93,6933,1681,0,0,1681,2838,-1888,6444,4438,0.51,66,10753,59,78.18
2023,11,2023-11-03,9410,67,67,1157,106,2120,3450,12927,111,3988,2722,89,6910,1683,0,0,1683,3750,-804,5255,4334,0.52,66,10807,60,78.64
2023,11,2023-11-04,8890,68,69,917,104,2010,3100,12058,118,3989,2713,89,6910,1686,0,0,1686,4310,-596,4176,3462,0.55,71,10048,66,79.21
2023,11,2023-11-05,8520,69,69,598,105,1920,2691,11280,123,3373,2828,81,6405,1687,0,0,1687,4320,-491,3797,3188,0.55,72,9360,66,79.8
2023,11,2023-11-06,8400,70,79,286,103,1790,2258,10728,158,2995,2710,72,5936,1686,0,0,1686,4350,-424,3648,3106,0.53,71,8938,65,80.38
2023,11,2023-11-07,8380,70,100,224,106,1690,2119,10569,176,2497,2685,72,5429,1683,0,0,1683,4220,-184,3759,3457,0.49,67,8879,61,80.86
2023,11,2023-11-08,8060,76,112,211,105,1620,2048,10184,164,1994,2720,72,4950,1634,0,0,1634,3065,-900,4614,3600,0.46,65,8564,58,81.28
2023,11,2023-11-09,7780,88,90,212,99,1580,1981,9848,175,2986,1832,90,5083,1641,0,0,1641,2611,-1558,4797,3124,0.49,68,8268,62,81.78
2023,11,2023-11-10,7650,83,78,212,103,1590,1983,9716,130,1791,2729,97,4746,1641,0,0,1641,3720,-110,3554,3329,0.46,66,8126,59,82.2
2023,11,2023-11-11,7420,86,74,211,102,1580,1967,9473,175,1598,2734,93,4600,1639,0,0,1639,4330,631,2717,3233,0.46,66,7893,59,82.62
2023,11,2023-11-12,7280,89,72,211,101,1550,1934,9303,175,1386,2739,79,4379,1640,0,0,1640,4220,709,2690,3284,0.44,65,7753,58,83.01
2023,11,2023-11-13,7380,80,70,206,99,1520,1896,9356,174,1393,2747,81,4394,1640,0,0,1640,3200,-365,3801,3321,0.44,64,7836,58,83.37
2023,11,2023-11-14,7470,68,69,202,103,1500,1874,9412,173,1589,2409,81,4253,1640,0,0,1640,2455.1,-990,4624,3520,0.42,63,7912,56,83.67
2023,11,2023-11-15,7380,69,68,212,102,1480,1862,9311,155,1590,2416,80,4242,1689,0,0,1689,2370.02,-1107,4606,3380,0.43,64,7831,57,83.98
2023,11,2023-11-16,7370,69,75,204,97,1490,1867,9306,120,1495,1703,74,3392,1693,0,0,1693,2445,-181,4520,4220,0.34,55,7816,46,84.13
2023,11,2023-11-17,7420,70,107,209,83,1480,1879,9369,101,1490,1890,82,3562,1694,0,0,1694,3290,506,3725,4113,0.36,56,7889,48,84.29
2023,11,2023-11-18,7630,72,112,228,80,1470,1890,9591,86,1491,1864,82,3524,1696,573.262708333,0,1123,4100,1736,3287,4945,0.35,48,8121,39,84.32
2023,11,2023-11-19,8610,72,128,205,120,1490,1943,10624,85,1498,1843,77,3503,1695,573.262708333,0,1122,4110,1821,4258,6000,0.31,44,9134,34,84.22
2023,11,2023-11-20,8770,71,219,210,239,1450,2118,10960,87,1495,1827,72,3480,1744,573.262708333,0,1171,3320,1197,5193,6308,0.3,42,9510,34,84.1
2023,11,2023-11-21,8960,69,140,213,302,1410,2065,11094,89,3798,1820,71,5777,1744,573.262708333,0,1171,2862,-1612,5839,4145,0.51,63,9684,57,84.25
2023,11,2023-11-22,9020,68,108,207,301,1390,2006,11095,110,2995,1822,72,4998,1745,573.262708333,0,1172,4200,447,4560,4925,0.43,56,9705,49,84.29
2023,11,2023-11-23,8750,74,97,209,452,1390,2148,10971,119,2997,1829,72,5017,1745,0,0,1745,4990,987,3345,4210,0.44,62,9581,56,84.42
2023,11,2023-11-24,8670,79,92,211,685,1360,2347,11096,116,2990,1831,75,5012,1745,0,0,1745,4850,1051,3410,4339,0.43,61,9736,55,84.53
2023,11,2023-11-25,8620,81,88,198,663,1340,2289,10990,119,2492,1828,62,4500,1794,0,0,1794,4860,1483,3338,4696,0.39,57,9650,51,84.58
2023,11,2023-11-26,8460,84,85,203,421,1330,2039,10584,119,2492,1829,68,4507,1794,0,0,1794,4710,1075,3332,4282,0.41,60,9254,54,84.69
2023,11,2023-11-27,8390,90,83,212,264,1330,1889,10369,114,2500,1831,69,4513,1847,0,0,1847,3540,-284,4422,4009,0.42,61,9039,56,84.84
2023,11,2023-11-28,8380,91,82,217,151,1310,1760,10231,86,2991,1829,76,4982,1894,0,0,1894,2648.8,-1805,5292,3355,0.47,67,8921,62,85.09
2023,11,2023-11-29,8360,93,80,205,104,1300,1689,10142,96,2998,1832,69,4995,1894,0,0,1894,2570,-1967,5352,3253,0.48,68,8842,63,85.34
2023,11,2023-11-30,8540,101,80,220,105,1280,1685,10326,91,3191,1833,74,5188,1946,0,0,1946,2530,-2238,5566,3192,0.49,69,9046,65,85.6
2023,12,2023-12-01,9060,106,80,218,125,1260,1683,10849,93,1996,1832,72,3992,1996,0,0,1996,2500,-1106,6107,4861,0.35,55,9589,49,85.57
2023,12,2023-12-02,9280,110,83,221,155,1260,1719,11109,95,1993,1826,68,3982,1994,0,0,1994,2450,-1110,6382,5133,0.34,54,9849,48,85.51
2023,12,2023-12-03,9290,113,85,218,152,1250,1706,11109,105,1997,1821,70,3993,1996,0,0,1996,2430,-1155,6414,5120,0.34,54,9859,48,85.45
2023,12,2023-12-04,9500,116,92,246,155,1260,1753,11369,126,1997,1816,71,4010,2045,0,0,2045,2500,-1086,6544,5314,0.33,53,10109,47,85.37
2023,12,2023-12-05,9720,125,89,243,152,1300,1784,11630,106,1491,1811,68,3476,2094,0,0,2094,2580,-473,6679,6060,0.28,48,10330,41,85.21
2023,12,2023-12-06,9930,133,87,248,154,1320,1809,11871,120,2497,2672,66,5354,2095,0,0,2095,2660,-2247,6816,4422,0.43,63,10551,58,85.26
2023,12,2023-12-07,10500,134,101,251,152,1320,1824,12459,86,2993,2674,69,5822,2145,0,0,2145,2770,-2622,7263,4492,0.45,64,11139,60,85.3
2023,12,2023-12-08,10500,136,135,255,153,1290,1833,12469,107,1992,3403,67,5569,2144,0,0,2144,2790,-2339,7245,4756,0.43,62,11179,57,85.3
2023,12,2023-12-09,10200,139,106,278,152,1270,1806,12145,121,2499,3399,63,6082,2145,0,0,2145,2750,-2919,6988,3919,0.49,68,10875,64,85.43
2023,12,2023-12-10,10100,143,94,282,152,1250,1778,12021,119,2491,3398,75,6082,2195,0,0,2195,2790,-2941,6838,3743,0.49,69,10771,65,85.57
2023,12,2023-12-11,9930,141,90,279,153,1230,1752,11823,109,2491,3402,66,6068,2195,0,0,2195,2810,-2933,6646,3560,0.5,70,10593,66,85.75
2023,12,2023-12-12,9950,141,87,278,151,1210,1727,11818,95,1991,3414,67,5567,2195,0,0,2195,2800,-2467,6676,4056,0.46,66,10608,62,85.83
2023,12,2023-12-13,10200,143,86,281,152,1200,1719,12062,105,1993,3417,68,5583,2188,0,0,2188,2810,-2477,6920,4290,0.45,64,10862,61,85.86
2023,12,2023-12-14,10100,147,84,275,151,1200,1710,11957,120,1997,3415,66,5599,2194,0,0,2194,2830,-2485,6803,4164,0.45,65,10757,61,85.92
2023,12,2023-12-15,10000,145,81,271,152,1200,1704,11849,123,1997,3220,57,5398,2192,0,0,2192,2800,-2318,6731,4260,0.44,64,10649,60,85.96
2023,12,2023-12-16,10100,138,81,269,151,1220,1720,11958,120,2299,3428,48,5895,2192,0,0,2192,2820,-2780,6804,3871,0.48,68,10738,64,86.05
2023,12,2023-12-17,10500,135,81,273,152,1240,1745,12380,123,2295,3414,37,5869,2196,573.262708333,0,1623,2850,-2329,7331,4888,0.46,61,11140,56,86
2023,12,2023-12-18,11300,136,84,292,152,1280,1808,13244,113,2287,3398,34,5832,2147,1146.525416666,0,1000,2960,-1715,8196,6411,0.43,52,11964,46,85.76
2023,12,2023-12-19,12800,155,138,286,150,1350,1924,14879,104,2993,3409,34,6541,2145,2866.313541665,0,-721,3210,-938,9947,9059,0.43,39,13529,33,85.32
2023,12,2023-12-20,14700,173,458,288,151,1380,2277,17150,91,3492,3411,32,7026,2146,4586.101666664,0,-2440,3500,337,12056,12564,0.4,27,15770,20,84.7
2023,12,2023-12-21,17200,230,325,282,173,1460,2240,19670,81,3992,3404,33,7510,2096,4586.101666664,0,-2490,3870,218,14257,14650,0.38,26,18210,20,84
2023,12,2023-12-22,19300,334,226,274,201,1440,2141,21775,90,3991,3412,31,7523,2096,4012.838958331,0,-1916,4180,44,15991,16168,0.34,26,20335,20,83.28
2023,12,2023-12-23,19900,432,186,278,203,1400,2067,22399,99,3999,3413,30,7542,2045,3439.5762499979996,0,-1394,4240,-329,16482,16251,0.33,27,20999,23,82.6
2023,12,2023-12-24,18800,378,163,273,200,1380,2016,21194,100,3990,2796,32,6918,2046,1719.7881249989998,0,326,4080,-1034,15007,13950,0.32,34,19814,30,82.06
2023,12,2023-12-25,17300,208,149,274,201,1350,1974,19482,92,3996,2681,33,6802,1995,0,0,1995,3850,-2274,13099,10685,0.34,45,18132,41,81.71
2023,12,2023-12-26,15900,142,140,277,203,1330,1950,17992,100,5498,2671,29,8298,1996,0,0,1996,3650,-3996,11833,7698,0.45,57,16662,54,81.6
2023,12,2023-12-27,15000,125,135,283,201,1310,1929,17055,102,5496,2668,32,8298,1946,1146.525416666,0,799,3530,-3358,11371,7958,0.48,53,15745,49,81.47
2023,12,2023-12-28,14900,122,131,279,203,1330,1943,16965,101,5496,2700,33,8331,1946,1146.525416666,0,800,3480,-3428,11318,7834,0.48,54,15635,50,81.36
2023,12,2023-12-29,15100,146,126,286,204,1320,1936,17182,105,5491,2669,33,8298,1896,5159.364374997,0,-3263,3480,-761,12680,12147,0.47,29,15862,23,80.97
2023,12,2023-12-30,16800,224,128,317,203,1390,2038,19062,108,5496,3555,32,9192,1846,6305.889791662999,0,-4460,3660,-595,14613,14330,0.47,25,17672,19,80.5
2023,12,2023-12-31,19400,359,140,279,200,1430,2049,21808,107,5496,3549,33,9185,1797,6305.889791662999,0,-4509,4010,-195,17011,17132,0.41,21,20378,16,79.93
2024,1,2024-01-01,22500,683,133,277,200,1380,1990,25173,104,2290,3547,32,5972,1695,5159.364374997,0,-3464,4450,2719,19703,22665,0.23,10,23793,5,79.22
2024,1,2024-01-02,23400,794,123,281,203,1360,1967,26161,108,2298,3540,30,5977,1647,7452.415208328999,0,-5805,4560,4324,21260,25990,0.22,1,24801,-5,78.46
2024,1,2024-01-03,22200,740,202,291,199,1410,2102,25042,108,2097,3546,33,5785,1597,4012.838958331,0,-2416,4440,2328,19176,21674,0.23,13,23632,8,77.86
2024,1,2024-01-04,21000,665,238,279,178,1420,2115,23780,104,2093,3532,29,5758,1545,2866.313541665,0,-1321,4290,1505,17745,19342,0.24,19,22360,13,77.36
2024,1,2024-01-05,20900,690,172,276,155,1390,1993,23583,109,2191,3507,35,5842,1496,2866.313541665,0,-1370,4270,1311,17704,19111,0.24,19,22193,14,76.9
2024,1,2024-01-06,20800,708,151,281,152,1380,1964,23472,110,2395,3476,32,6014,1447,3439.5762499979996,0,-1992,4230,1475,17836,19450,0.25,17,22092,12,76.45
2024,1,2024-01-07,19700,507,156,277,152,1640,2225,22432,111,2393,3484,35,6023,1395,1146.525416666,0,249,4090,131,16047,16161,0.26,28,20792,22,76.15
2024,1,2024-01-08,18300,254,138,272,152,1890,2452,21006,110,2389,3480,28,6007,1396,573.262708333,0,823,3890,-201,14434,14175,0.28,33,19116,26,75.95
2024,1,2024-01-09,17400,166,128,260,152,1980,2520,20086,92,2697,3466,36,6292,1345,573.262708333,0,772,3780,-495,13570,13021,0.31,35,18106,28,75.81
2024,1,2024-01-10,16700,122,138,266,151,2060,2615,19438,80,2696,3471,34,6281,1296,573.262708333,0,723,3760,-376,12860,12434,0.32,36,17378,28,75.71
2024,1,2024-01-11,16700,94,268,285,151,2060,2764,19559,82,2599,3468,29,6179,1296,0,0,1296,3750,-507,12682,12084,0.31,38,17499,31,75.64
2024,1,2024-01-12,16500,87,241,274,152,2050,2717,19304,98,2593,3488,31,6210,1245,0,0,1245,3700,-602,12538,11849,0.31,39,17254,31,75.58
2024,1,2024-01-13,16300,79,184,293,151,2040,2668,19047,90,2592,3553,38,6273,1245,2293.050833332,0,-1048,3690,766,12982,13821,0.32,27,17007,19,75.43
2024,1,2024-01-14,16500,101,453,281,150,2050,2934,19534,62,1791,3554,43,5450,1195,2293.050833332,0,-1098,3750,1947,13158,15182,0.27,22,17484,13,75.22
2024,1,2024-01-15,18500,201,481,284,150,2080,2995,21696,55,1793,3548,30,5426,1196,2293.050833332,0,-1097,3970,2252,15038,17367,0.25,20,19616,11,74.94
2024,1,2024-01-16,23400,699,336,285,148,2070,2839,26938,54,1795,3541,35,5425,1145,4586.101666664,0,-3441,4640,4291,20422,24954,0.2,7,24868,0,74.44
2024,1,2024-01-17,25000,877,414,284,154,2100,2952,28829,67,1796,3534,31,5429,1144,4586.101666664,0,-3442,4970,4730,21871,26842,0.18,7,26729,0,73.92
2024,1,2024-01-18,23900,892,532,281,150,2140,3103,27895,83,1799,3547,33,5462,1096,2293.050833332,0,-1197,4830,3249,20297,23630,0.19,15,25755,8,73.51
2024,1,2024-01-19,24500,1040,435,283,150,2060,2928,28468,81,1894,3556,20,5551,1096,2293.050833332,0,-1197,4880,3035,20995,24114,0.19,15,26408,9,73.11
2024,1,2024-01-20,25300,1162,458,297,151,2040,2946,29408,85,1796,3582,35,5498,1096,4012.838958331,0,-2917,4940,4284,22339,26827,0.18,9,27368,2,72.66
2024,1,2024-01-21,25900,1302,883,296,153,2150,3482,30684,84,1794,3589,31,5499,1047,4586.101666664,0,-3539,4980,5264,23213,28724,0.18,6,28534,-1,72.2
2024,1,2024-01-22,30100,1702,1260,347,151,2520,4278,36080,88,1893,3597,31,5609,1046,10891.991458327,0,-9846,5520,10589,29039,40317,0.15,-12,35919,-12,71.54
2024,1,2024-01-23,37900,2092,1300,292,151,3340,5083,45075,103,293,3586,31,4013,995,10891.991458327,0,-9897,6540,14043,36223,50959,0.09,-13,45219,-13,70.77
2024,1,2024-01-24,42200,2421,966,297,150,4100,5513,50134,105,470,2665,23,3263,997,12611.779583326,0,-11614,7100,16900,40773,58486,0.06,-17,51750,-13,69.94
2024,1,2024-01-25,44000,2450,914,283,151,3780,5128,51578,102,1089,2666,33,3890,996,10891.991458327,0,-9896,7340,15010,41881,57584,0.07,-12,51844,-11,69.18
2024,1,2024-01-26,44900,2491,797,283,150,3450,4680,52071,100,1287,2658,33,4078,995,8025.677916662,0,-7030,7490,12662,41869,55023,0.08,-6,50946,-8,68.49
2024,1,2024-01-27,44400,2501,678,266,152,3360,4456,51357,103,1087,2651,31,3873,947,1719.7881249989998,0,-772,7450,8535,39667,48256,0.07,6,47997,-1,67.91
2024,1,2024-01-28,42400,2521,640,268,151,3460,4519,49440,105,1095,2651,31,3882,946,1719.7881249989998,0,-774,7160,8299,37978,46331,0.08,6,45980,-1,67.4
2024,1,2024-01-29,38400,2501,635,275,130,3340,4380,45281,118,1992,1826,32,3968,947,0,0,947,6610,6407,34026,40366,0.08,11,41941,4,67
2024,1,2024-01-30,34400,2440,607,269,100,3240,4216,41056,93,1995,1827,35,3950,950,0,0,950,6030,5679,30544,36156,0.09,12,37816,4,66.7
2024,1,2024-01-31,32700,2352,576,286,101,3210,4173,39225,103,1096,2763,32,3994,896,2293.050833332,0,-1397,5740,6827,29703,36628,0.1,7,36015,-2,66.41
2024,2,2024-02-01,35400,2342,871,324,101,3540,4836,42578,95,1094,2722,28,3939,896,4586.101666664,0,-3690,6060,9355,32715,42328,0.09,1,40830,-4,66.03
2024,2,2024-02-02,41200,2401,1680,395,100,3960,6135,49736,104,1036,2734,28,3901,896,5732.62708333,0,-4836,6810,12187,38145,50671,0.08,-2,47887,-6,65.57
2024,2,2024-02-03,46900,2511,1440,390,103,4190,6123,55534,104,796,3284,24,4207,897,6879.152499995999,0,-5982,7550,13355,43536,57309,0.07,-3,53840,-6,65.04
2024,2,2024-02-04,52000,4481,1200,637,101,4800,6738,63219,101,797,3499,21,4418,896,9172.203333328,0,-8276,8280,15980,50518,67078,0.07,-6,62278,-8,64.45
2024,2,2024-02-05,57600,7739,1830,393,101,5940,8264,73603,103,997,3483,25,4608,895,8025.677916662,0,-7130,9180,17471,58155,76125,0.06,-3,71990,-6,63.81
2024,2,2024-02-06,61600,17140,1980,343,97,6890,9310,88050,103,4691,3604,24,8421,896,5732.62708333,0,-4836,9980,14012,70114,84465,0.09,4,84297,0,63.13
2024,2,2024-02-07,62700,20431,1810,342,101,6810,9063,92194,82,3693,3612,25,7412,896,6879.152499996,0,-5983,10300,15840,74506,90765,0.08,2,88665,-2,62.45
2024,2,2024-02-08,63000,22228,1730,337,103,7100,9270,94498,88,3296,4098,21,7504,896,5732.6270833300005,0,-4836,10500,15410,76082,91830,0.08,3,90608,-1,61.79
2024,2,2024-02-09,62500,19226,1320,321,102,7920,9663,91389,104,3193,4234,28,7559,896,3439.576249998,0,-2543,10400,14156,72038,86373,0.08,5,86622,0,61.21
2024,2,2024-02-10,61200,14726,1120,321,99,7660,9200,85126,103,3695,4216,32,8046,846,2293.050833332,0,-1447,10200,12294,66131,78527,0.09,8,80364,2,60.73
2024,2,2024-02-11,59900,9756,970,312,99,7350,8731,78387,94,3693,4287,36,8110,845,2293.050833332,0,-1448,10000,11562,60061,71724,0.1,8,71037,-1,60.33
2024,2,2024-02-12,57500,7506,860,316,100,7310,8586,73592,98,3097,4222,28,7445,846,0,0,846,9640,10231,55129,65301,0.1,11,66282,1,60.01
2024,2,2024-02-13,53900,6926,782,314,102,7000,8198,69024,101,3092,4245,20,7457,846,0,0,846,9040,9231,51549,60721,0.11,12,62024,2,59.76
2024,2,2024-02-14,51100,6816,723,609,101,6620,8053,65969,100,2890,4237,30,7257,847,573.262708333,0,274,8510,9129,49329,58439,0.11,11,59349,2,59.54
2024,2,2024-02-15,49900,6517,861,704,99,6220,7884,64301,99,2791,4213,26,7129,846,573.262708333,0,273,8280,8857,48061,56898,0.11,12,58081,2,59.36
2024,2,2024-02-16,49600,6347,832,709,101,6070,7712,63659,90,2598,4228,27,6943,846,573.262708333,0,273,8170,8762,47701,56443,0.11,11,57589,2,59.19
2024,2,2024-02-17,50400,6237,758,727,102,6270,7857,64494,82,1490,4237,26,5834,845,2293.050833332,0,-1448,8220,11183,48822,60107,0.09,7,60635,1,58.98
2024,2,2024-02-18,52700,7003,1210,731,100,6720,8761,68464,79,1499,4220,23,5821,846,4586.101666664,0,-3740,8540,13911,52210,66383,0.08,3,64657,-3,58.73
2024,2,2024-02-19,57300,8732,3360,778,103,7230,11471,77503,84,1597,4234,21,5936,847,4586.101666664,0,-3739,9240,17205,57839,75305,0.08,3,73364,-3,58.41
2024,2,2024-02-20,63000,13676,2700,750,140,8420,12010,88686,91,2185,4224,18,6518,847,6879.152499996,0,-6032,10300,19713,68065,88201,0.07,1,84702,-4,58
2024,2,2024-02-21,66600,25506,2640,736,203,9790,13369,105475,80,2792,4228,8,7108,896,6879.152499996,0,-5983,11000,21150,82781,104350,0.07,1,100880,-3,57.51
2024,2,2024-02-22,67700,32380,2110,728,201,9910,12949,113029,76,3397,4229,11,7713,897,5159.364374997,0,-4262,11300,19307,89973,109579,0.07,3,107227,-2,57.01
2024,2,2024-02-23,67700,34727,1740,732,201,9670,12343,114770,97,3391,4239,9,7735,897,2866.313541665,0,-1969,11400,17288,91578,109004,0.07,5,108780,0,56.55
2024,2,2024-02-24,67500,32917,1520,719,202,9250,11691,112108,101,3490,4231,9,7830,896,2293.050833332,0,-1397,11300,16068,89508,105674,0.07,6,106305,1,56.12
2024,2,2024-02-25,67100,29027,1340,718,202,8840,11100,107227,85,3399,4224,6,7714,896,0,0,896,11300,14104,84576,98617,0.07,8,101347,3,55.77
2024,2,2024-02-26,66900,26927,1220,647,200,8330,10397,104224,69,3094,4238,2,7403,897,0,0,897,11200,13612,82376,95925,0.07,8,98675,3,55.46
2024,2,2024-02-27,66600,25166,1130,719,202,7830,9881,101647,77,2395,4209,0,6681,895,0,0,895,11100,13719,80415,94072,0.06,7,96424,2,55.17
2024,2,2024-02-28,66400,23476,1020,691,202,8240,10153,100029,83,2395,4239,0,6717,897,0,0,897,11100,13952,78525,92414,0.07,8,94538,2,54.91
2024,2,2024-02-29,66200,22200,957,647,203,7910,9717,98117,88,2494,4232,0,6815,946,2293.050833332,0,-1347,11100,14877,77677,92648,0.07,6,93177,1,54.67
2024,3,2024-03-01,66100,20625,2920,595,195,7590,11300,98025,78,2396,4234,0,6708,947,3439.576249998,0,-2493,11000,17213,76423,93811,0.07,4,93466,0,54.43
2024,3,2024-03-02,66200,19469,7410,745,203,7800,16158,101827,71,2295,4220,0,6587,996,5732.6270833300005,0,-4737,10900,23550,76095,99977,0.06,2,97467,-3,54.16
2024,3,2024-03-03,66200,19089,4250,676,201,8570,13697,98986,69,2289,4222,0,6580,997,6305.889791663,0,-5309,10900,21468,75875,97715,0.07,1,94636,-3,53.92
2024,3,2024-03-04,65600,17125,3440,698,272,9660,14070,96795,95,2685,4213,0,6993,996,6305.889791663,0,-5309,10800,21328,73412,95111,0.07,2,92032,-3,53.71
2024,3,2024-03-05,64500,13425,2310,862,302,10200,13674,91599,98,3490,4221,0,7810,1046,4012.838958331,0,-2967,10700,18493,68056,86756,0.08,5,85414,-2,53.57
2024,3,2024-03-06,63200,9735,1930,1062,301,10300,13593,86528,84,3691,4219,0,7995,1046,2866.313541665,0,-1820,10500,17281,62945,80353,0.09,7,80106,0,53.49
2024,3,2024-03-07,61800,7655,1710,1107,302,10200,13319,82774,99,3694,4225,0,8019,1046,573.262708333,0,473,10300,15292,59023,74282,0.1,10,76073,2,53.47
2024,3,2024-03-08,60900,6685,1560,1055,300,9850,12765,80350,98,3689,4213,0,8000,1096,0,0,1096,10200,14252,57078,71254,0.1,11,73783,3,53.47
2024,3,2024-03-09,60700,6265,1470,1102,301,8930,11803,78768,104,3391,4201,0,7697,1096,0,0,1096,10100,13494,56558,69975,0.1,11,72799,4,53.49
2024,3,2024-03-10,59900,5865,1420,1116,302,7580,10418,76183,100,2997,4027,0,7123,1096,0,0,1096,10000,12582,55458,67963,0.09,11,68603,1,53.52
2024,3,2024-03-11,58400,5265,1410,1116,301,6440,9267,72932,93,596,3464,0,4153,1147,0,0,1147,9770,14139,53574,67632,0.06,7,68574,1,53.55
2024,3,2024-03-12,56600,4955,1540,1118,247,5850,8755,70310,90,896,2723,0,3709,1133,573.262708333,0,560,9480,14162,51918,66041,0.05,6,66423,1,53.6
2024,3,2024-03-13,55000,4235,1660,1102,203,5380,8345,67580,88,1496,1834,0,3417,1175,573.262708333,0,602,9230,13766,49836,63561,0.05,6,63993,1,53.67
2024,3,2024-03-14,53900,3744,1610,1099,147,5160,8016,65660,105,1190,1810,0,3105,1228,573.262708333,0,655,9020,13505,48441,61899,0.05,6,62279,1,53.75
2024,3,2024-03-15,53100,3385,1530,1090,102,4970,7692,64177,102,1095,1846,23,3066,1216,573.262708333,0,643,8820,13028,47485,60468,0.05,6,60850,1,53.85
2024,3,2024-03-16,52000,3295,1460,955,102,5000,7517,62812,89,1098,1831,0,3018,1278,573.262708333,0,705,8590,12631,46508,59089,0.05,6,59498,1,53.95
2024,3,2024-03-17,50400,3205,1440,953,104,5260,7757,61362,86,991,1830,0,2906,1335,0,0,1335,8330,12313,44901,57120,0.05,7,57895,1,54.07
2024,3,2024-03-18,48400,3075,1440,921,103,5380,7844,59319,101,989,1830,0,2919,1340,0,0,1340,8030,12084,43070,55060,0.05,7,55837,1,54.21
2024,3,2024-03-19,46200,2725,1480,758,102,5310,7650,56575,104,1290,1830,0,3223,1371,0,0,1371,7690,11225,40851,51980,0.05,8,52917,2,54.37
2024,3,2024-03-20,44100,1955,1530,608,94,5240,7472,53527,88,1291,1829,8,3216,1371,0,0,1371,7340,10705,38331,48941,0.06,9,49916,2,54.57
2024,3,2024-03-21,42200,1802,1510,454,95,5230,7289,51291,80,1197,1826,12,3115,1422,0,0,1422,7040,10289,36564,46754,0.06,9,47678,2,54.78
2024,3,2024-03-22,40500,1730,1460,440,81,5180,7161,49391,94,1089,1825,6,3014,1474,573.262708333,0,901,6770,10332,35208,45477,0.06,8,45999,1,55
2024,3,2024-03-23,39600,1757,2310,458,60,5270,8098,49455,86,1089,1827,3,3006,1484,1146.525416666,0,338,6640,11513,34622,46112,0.06,7,46308,0,55.2
2024,3,2024-03-24,39500,1837,2470,432,36,5600,8538,49875,87,990,1828,5,2909,1538,1719.788124999,0,-182,6620.09,12367,34768,47147,0.06,5,47042,0,55.38
2024,3,2024-03-25,39900,1745,2240,427,26,5550,8243,49888,94,1092,1823,12,3020,1538,1719.788124999,0,-182,6634.56,11976,35061,47050,0.06,6,46944,0,55.54
2024,3,2024-03-26,40600,1590,1830,420,26,5460,7736,49926,84,2199,1820,16,4119,1576,1719.788124999,0,-143,6767.2,10478,35463,45951,0.08,8,46399,1,55.72
2024,3,2024-03-27,40500,1391,1650,399,27,5420,7496,49387,83,2191,1816,16,4105,1569,1146.525416666,0,423,6824.3,9940,34948,44859,0.08,9,45800,2,55.89
2024,3,2024-03-28,39800,1374,1890,266,26,5290,7472,48646,82,2097,1819,3,4000,1615,1146.525416666,0,469,6681.3,9849,34361,44178,0.08,9,45138,2,56.07
2024,3,2024-03-29,39600,1431,1840,255,27,5280,7402,48433,74,2095,1818,9,3995,1609,1146.525416666,0,462,6634.9,9742,34267,43976,0.08,9,44932,2,56.24
2024,3,2024-03-30,41500,1845,2060,253,27,5160,7500,50845,103,1996,1825,14,3938,1632,1146.525416666,0,486,6897.3,10143,36312,46421,0.07,9,47418,2,56.37
2024,3,2024-03-31,43200,2340,1850,242,27,4790,6909,52449,100,1892,1813,8,3813,1680,1146.525416666,0,534,7055.37,9804,38335,48102,0.07,8,49255,2,56.47
2024,4,2024-04-01,43000,2455,1700,165,26,4640,6532,51986,105,3795,916,0,4816,1737,1146.525416666,0,590,7037.3,8369,38252,46580,0.09,10,47346,2,56.58
2024,4,2024-04-02,42000,2261,1530,170,27,4610,6337,50598,105,3789,913,5,4812,1733,573.262708333,0,1160,6973.3,7744,36963,44626,0.09,12,45988,3,56.72
2024,4,2024-04-03,40100,2115,1440,165,27,4720,6352,48567,100,3798,912,5,4814,1720,0,0,1720,6698.5,7118,35035,42033,0.1,13,43847,4,56.88
2024,4,2024-04-04,38600,2060,1490,185,28,4540,6243,46903,97,1497,916,3,2513,1776,5159.364374997,0,-3383,6521.4,12450,35086,47773,0.05,-2,45811,-4,56.95
2024,4,2024-04-05,38000,2070,1750,218,28,4720,6716,46786,158,2193,915,5,3271,1785,6305.889791662999,0,-4521,6448.9,12832,34887,48035,0.07,-3,45413,-6,57.02
2024,4,2024-04-06,37600,2007,1620,165,27,4970,6782,46389,93,3597,954,0,4644,1787,6305.889791662999,0,-4518,6394.3,11468,34478,46263,0.1,0,43836,-6,57.11
2024,4,2024-04-07,37200,2130,1470,161,27,5210,6868,46198,93,3789,967,6,4855,1791,6305.889791662999,0,-4515,6325,11272,34269,45858,0.1,1,43489,-5,57.19
2024,4,2024-04-08,36000,2011,1360,159,28,5050,6597,44608,109,2995,968,8,4079,1836,6305.889791662999,0,-4469,6192.35,11615,33070,44998,0.09,-1,42406,-6,57.29
2024,4,2024-04-09,33600,1843,1270,160,28,4900,6358,41801,96,2192,969,10,3266,1832,1146.525416666,0,686,5965,8612,29286,37850,0.08,9,38513,2,57.49
2024,4,2024-04-10,31400,1741,1250,162,27,5000,6439,39580,259,594,971,15,1838,1820,0,0,1820,5752.9,9171,26878,35922,0.04,9,36978,3,57.72
2024,4,2024-04-11,30400,1642,1260,165,26,5080,6531,38573,274,598,973,30,1874,1812,0,0,1812,5577.27,9056,25957,34886,0.04,10,35937,3,57.95
2024,4,2024-04-12,30000,1665,1320,166,27,5270,6783,38448,278,598,978,20,1874,1810,0,0,1810,5468.9,9202,25689,34764,0.04,10,35814,3,58.17
2024,4,2024-04-13,30400,1830,1500,200,26,5680,7406,39636,273,598,977,25,1873,1871,5732.62708333,0,-3861,5529.68,13573,27782,41625,0.04,-5,39385,-6,58.26
2024,4,2024-04-14,31100,1890,1510,166,25,6120,7821,40811,285,591,972,24,1872,1888,5732.62708333,0,-3845,5622.7,14072,28444,42785,0.04,-5,40555,-5,58.33
2024,4,2024-04-15,31700,1875,1360,165,25,6000,7550,41125,280,591,971,39,1881,1888,5732.62708333,0,-3845,5682.58,13851,28969,43089,0.04,-5,40859,-5,58.39
2024,4,2024-04-16,32600,1757,1260,164,27,5790,7241,41598,288,596,922,47,1853,1890,5732.62708333,0,-3842,5867.84,13753,29565,43587,0.04,-5,41358,-5,58.44
2024,4,2024-04-17,33200,1684,1240,164,26,5610,7040,41924,310,595,909,47,1861,1884,5732.62708333,0,-3848,5958.04,13639,30003,43912,0.04,-5,41680,-5,58.48
2024,4,2024-04-18,32900,1530,1280,164,27,5360,6831,41261,288,594,908,49,1839,1880,0,0,1880,5920.6,9691,27983,37542,0.04,9,38632,3,58.62
2024,4,2024-04-19,32000,1163,1320,165,35,5360,6880,40043,279,593,916,49,1837,1875,0,0,1875,5807.9,9632,26830,36331,0.04,9,37419,3,58.78
2024,4,2024-04-20,30700,965,1330,166,48,5640,7184,38849,292,597,915,53,1857,1863,0,0,1863,5656.8,9773,25487,35129,0.04,10,36209,3,58.94
2024,4,2024-04-21,29300,909,1320,483,53,6050,7906,38115,294,590,914,58,1856,1864,0,0,1864,5477.3,10315,24210,34395,0.04,10,35476,3,59.12
2024,4,2024-04-22,28500,835,1370,729,63,6300,8462,37797,279,600,915,47,1841,1843,0,0,1843,5388.8,10812,23430,34113,0.04,10,35182,3,59.28
2024,4,2024-04-23,28700,745,1350,771,63,5820,8004,37449,252,590,919,49,1810,1831,0,0,1831,5379.3,10383,23553,33808,0.04,10,34870,3,59.45
2024,4,2024-04-24,30100,746,1280,890,68,5260,7498,38344,247,589,955,53,1844,1866,0,0,1866,5541.8,9983,24782,34634,0.04,10,35716,3,59.59
2024,4,2024-04-25,32200,703,1240,1004,65,4940,7249,40152,252,590,977,44,1862,1875,0,0,1875,5833.7,10001,26544,36414,0.04,9,37502,3,59.69
2024,4,2024-04-26,33300,670,1170,1041,90,5020,7321,41291,288,589,1824,48,2749,1893,0,0,1893,6006,9347,27434,36649,0.06,11,37746,3,59.78
2024,4,2024-04-27,32900,602,1200,1044,121,5340,7705,41207,287,596,1824,46,2754,1903,0,0,1903,5910.1,9625,27059,36550,0.06,11,37654,3,59.87
2024,4,2024-04-28,31400,486,983,1019,124,5380,7506,39392,295,609,1821,48,2773,1962,0,0,1962,5638.2,9096,25699,34658,0.06,12,35795,3,59.98
2024,4,2024-04-29,29600,420,921,787,115,5250,7073,37093,287,606,1825,47,2765,1960,0,0,1960,5303.5,8338,24168,32368,0.06,13,33505,3,60.14
2024,4,2024-04-30,27500,387,881,512,122,5210,6725,34612,279,592,1840,46,2757,1930,0,0,1930,5083.2,7797,22263,29925,0.07,14,31045,4,60.33
2024,5,2024-05-01,25500,369,845,423,131,5230,6629,32498,214,595,1839,50,2698,1921,0,0,1921,4848.5,7531,20483,27879,0.07,14,28993,4,60.57
2024,5,2024-05-02,23700,321,803,344,147,5070,6364,30385,231,590,1836,55,2713,1915,0,0,1915,4500,6907,18985,25757,0.08,15,26868,4,60.84
2024,5,2024-05-03,22200,229,795,356,151,4860,6162,28591,223,596,913,50,1782,1968,0,0,1968,4257,7358,17621,24841,0.05,13,25983,4,61.11
2024,5,2024-05-04,21600,224,875,392,142,4680,6089,27913,229,590,914,52,1785,2035,3439.5762499979996,0,-1404,4358,9575,17859,27533,0.05,1,26718,-3,61.31
2024,5,2024-05-05,23300,314,1180,366,128,4870,6544,30158,235,580,914,50,1780,2073,3439.5762499979996,0,-1367,4665.3,10318,19331,29745,0.05,1,28952,-3,61.45
2024,5,2024-05-06,25700,404,908,364,120,4730,6122,32226,238,585,914,60,1796,2068,3439.5762499979996,0,-1371,5004.2,10221,21484,31801,0.05,1,31005,-3,61.53
2024,5,2024-05-07,28100,421,854,373,117,4730,6074,34595,231,583,915,60,1789,2099,3439.5762499979996,0,-1341,5426.8,10583,23470,34146,0.04,1,33369,-2,61.57
2024,5,2024-05-08,29200,434,820,387,115,4870,6192,35826,213,592,916,70,1791,2079,3439.5762499979996,0,-1360,5610.5,10896,24404,35396,0.04,1,34607,-2,61.58
2024,5,2024-05-09,29500,310,777,604,123,5030,6534,36344,228,595,916,68,1807,2121,0,0,2121,5555.8,8905,23660,32416,0.04,11,33647,4,61.64
2024,5,2024-05-10,30200,280,732,830,143,5220,6925,37405,240,593,918,68,1818,2110,0,0,2110,5611.2,9347,24278,33477,0.04,11,34701,4,61.68
2024,5,2024-05-11,29700,146,713,1068,145,5210,7136,36982,218,591,920,60,1789,2173,0,0,2173,5501.5,9436,23736,33020,0.04,11,34280,4,61.73
2024,5,2024-05-12,28600,108,732,1304,145,5500,7681,36389,201,597,920,53,1771,2252,0,0,2252,5249,9696,22828,32367,0.04,11,33673,4,61.79
2024,5,2024-05-13,27400,101,761,1355,147,6100,8363,35864,229,596,919,55,1799,2243,0,0,2243,5083.1,10189,21790,31822,0.04,11,33123,4,61.86
2024,5,2024-05-14,25700,106,779,1559,151,6800,9289,35095,247,598,919,54,1818,2277,0,0,2277,4870.4,10861,20298,31000,0.04,12,32321,4,61.93
2024,5,2024-05-15,23700,106,778,1586,169,7450,9983,33789,261,587,2721,63,3633,2267,0,0,2267,4549.8,9427,18622,27890,0.1,17,29205,5,62.08
2024,5,2024-05-16,22100,107,772,1677,175,7970,10594,32801,256,682,3481,69,4489,2304,0,0,2304,4325.8,8933,17236,26008,0.12,21,27345,5,62.26
2024,5,2024-05-17,21300,101,732,1684,179,8200,10795,32196,249,791,3507,66,4613,2383,0,0,2383,4134,8767,16600,25200,0.13,22,26582,5,62.45
2024,5,2024-05-18,21000,91,692,1701,166,8550,11109,32201,258,895,3520,69,4742,2368,0,0,2368,4118.9,8947,16310,25091,0.13,22,26464,5,62.63
2024,5,2024-05-19,21100,86,665,1715,150,8700,11230,32416,251,300,3476,59,4086,2431,0,0,2431,4162.7,9727,16342,25899,0.11,20,27309,5,62.79
2024,5,2024-05-20,21200,86,621,1710,148,8640,11119,32406,262,899,1607,56,2824,2494,0,0,2494,4198.9,10874,16389,27089,0.08,16,28535,5,62.9
2024,5,2024-05-21,21500,97,561,1573,152,8490,10776,32374,250,796,1606,52,2704,2479,0,0,2479,4246,10707,16657,27191,0.07,16,28629,5,63.01
2024,5,2024-05-22,21400,104,511,1288,155,8700,10654,32158,234,794,2077,58,3163,2531,0,0,2531,4189,10035,16606,26463,0.09,18,27932,5,63.13
2024,5,2024-05-23,20800,101,549,1117,155,9070,10891,31792,255,800,3506,54,4615,2577,0,0,2577,4110,8711,16069,24600,0.13,23,26095,6,63.28
2024,5,2024-05-24,20200,96,531,1111,152,8510,10304,30601,249,889,3474,84,4697,2615,0,0,2615,4090.2,7998,15474,23289,0.14,24,24806,6,63.47
2024,5,2024-05-25,19500,95,487,1119,148,7020,8774,28370,242,892,3486,78,4697,2679,0,0,2679,3977.9,6314,14867,20994,0.15,26,23405,10,63.71
2024,5,2024-05-26,18600,98,462,1115,146,5900,7623,26322,242,691,3491,67,4491,2691,0,0,2691,3790.2,5173,14155,19140,0.16,27,22083,13,64
2024,5,2024-05-27,17800,97,442,1106,151,5020,6719,24616,229,589,3504,53,4377,2730,0,0,2730,3615.9,4183,13516,17509,0.16,29,19596,11,64.33
2024,5,2024-05-28,17200,95,404,1092,156,4470,6122,23417,242,585,3517,56,4401,2774,0,0,2774,3545.6,3463,12973,16242,0.17,31,18947,14,64.69
2024,5,2024-05-29,16900,98,364,1160,157,4180,5861,22859,257,596,3000,57,3911,2813,0,0,2813,3496,3619,12714,16136,0.15,29,18679,14,65.04
2024,5,2024-05-30,16300,100,330,1167,169,4090,5756,22156,236,592,3502,62,4392,2857,0,0,2857,3700,3207,11900,14907,0.18,33,18066,17,65.41
2024,5,2024-05-31,15600,98,314,1308,191,4550,6363,22061,216,591,3413,61,4280,2926,0,0,2926,5550,5730,9329,14854,0.18,33,17511,15,65.77
2024,6,2024-06-01,15200,90,299,1343,189,4610,6441,21731,142,1695,3117,59,5014,2982,0,0,2982,6880,6369,7575,13736,0.22,37,17121,20,66.16
2024,6,2024-06-02,15100,86,281,1350,163,4350,6144,21330,149,1692,3467,55,5364,3038,0,0,3038,6640,5446,7695,12928,0.24,39,16980,24,66.57
2024,6,2024-06-03,15100,88,269,1356,171,4240,6036,21223,166,1691,3467,55,5380,3097,0,0,3097,4760,3402,9560,12746,0.24,40,16983,25,66.96
2024,6,2024-06-04,15200,88,261,1348,192,3730,5531,20820,228,1591,3438,60,5317,3121,0,0,3121,3600,1785,10814,12381,0.24,41,17090,28,67.35
2024,6,2024-06-05,15200,94,247,1326,208,3360,5141,20435,212,1496,3499,60,5268,3166,0,0,3166,3458,1273,10949,12001,0.24,41,17075,30,67.74
2024,6,2024-06-06,15000,100,234,1184,204,3000,4622,19722,207,2699,3511,60,6477,3218,0,0,3218,3573.9,-372,10625,10027,0.31,49,16722,40,68.23
2024,6,2024-06-07,14500,102,221,1169,201,2710,4301,18903,196,2497,3536,72,6300,3272,0,0,3272,5460,1335,8225,9331,0.32,51,16193,42,68.73
2024,6,2024-06-08,14300,92,209,1104,202,2680,4196,18587,189,2736,3512,67,6503,3311,0,0,3311,6720,2260,6745,8773,0.33,53,15907,45,69.25
2024,6,2024-06-09,14200,83,200,1028,202,2650,4080,18363,191,1790,4194,58,6234,3369,0,0,3369,6360,2016,6980,8760,0.32,52,15713,44,69.74
2024,6,2024-06-10,14100,79,193,1006,202,2610,4011,18190,193,1691,4184,63,6131,3420,0,0,3420,4680,337,8542,8639,0.32,53,15580,45,70.21
2024,6,2024-06-11,14300,80,186,838,201,2270,3495,17876,193,1691,4207,59,6151,3461,0,0,3461,3269.1,-1636,10142,8264,0.32,54,15606,47,70.68
2024,6,2024-06-12,14400,83,178,659,211,2050,3098,17581,188,1586,4198,56,6028,3503,0,0,3503,3248.5,-1958,10253,8050,0.32,54,15531,48,71.15
2024,6,2024-06-13,14500,86,169,434,218,2230,3051,17636,194,1294,4201,64,5753,3587,0,0,3587,3544,-1490,10037,8296,0.31,53,15406,46,71.57
2024,6,2024-06-14,14700,86,164,347,213,2230,2954,17740,168,1399,4208,60,5835,3626,0,0,3626,5470,232,8301,8279,0.31,53,15510,47,71.96
2024,6,2024-06-15,14300,82,157,317,203,2210,2887,17269,171,1387,4200,56,5815,3692,0,0,3692,6620,1293,6728,7763,0.32,55,15059,48,72.38
2024,6,2024-06-16,14000,78,152,309,200,2390,3051,17128,173,1395,4201,56,5825,3756,0,0,3756,6740,1524,6286,7547,0.32,56,14738,49,72.79
2024,6,2024-06-17,14200,76,149,314,202,2490,3155,17431,177,1398,4287,59,5921,3801,0,0,3801,6690,1454,6522,7709,0.32,56,14941,48,73.17
2024,6,2024-06-18,14100,74,146,310,203,2260,2919,17093,173,797,2705,59,3734,3817,0,0,3817,6800,3504,6305,9542,0.2,44,14833,36,73.39
2024,6,2024-06-19,13900,71,143,315,197,2220,2875,16847,170,1492,2713,58,4434,3864,0,0,3864,6860,2790,6029,8548,0.24,49,14627,42,73.67
2024,6,2024-06-20,13500,71,140,315,215,2550,3220,16791,176,3496,2699,64,6435,3914,0,0,3914,6830,1070,5645,6442,0.36,62,14241,55,74.11
2024,6,2024-06-21,13200,70,139,319,233,2720,3411,16681,183,2389,4237,78,6886,3969,0,0,3969,6630,575,5529,5826,0.39,65,13961,58,74.59
2024,6,2024-06-22,13100,68,135,318,244,2750,3447,16615,178,2190,4223,70,6660,4019,0,0,4019,6430,605,5613,5936,0.38,64,13865,57,75.04
2024,6,2024-06-23,13500,64,130,318,227,2930,3605,17168,177,1887,4213,64,6341,4028,0,0,4028,6500,1145,5936,6799,0.35,60,14238,52,75.37
2024,6,2024-06-24,13900,66,124,318,221,3040,3703,17668,174,1487,4219,66,5946,4086,0,0,4086,6610,1710,6212,7636,0.32,57,14628,48,75.62
2024,6,2024-06-25,13900,70,120,318,232,2860,3530,17500,193,2494,4286,73,7046,4109,0,0,4109,6630,443,6190,6345,0.38,64,14640,57,75.96
2024,6,2024-06-26,13700,80,117,315,244,2740,3416,17196,214,2893,4220,75,7403,4112,0,0,4112,6630,-30,5998,5680,0.41,67,14456,61,76.36
2024,6,2024-06-27,13700,80,114,313,230,2680,3337,17116,214,2000,4218,63,6494,4169,0,0,4169,6640,772,5972,6452,0.36,62,14436,55,76.66
2024,6,2024-06-28,14200,79,112,313,224,2650,3299,17578,209,0,4208,67,4484,4172,0,0,4172,6810,2913,6301,8921,0.23,49,14928,40,76.73
2024,6,2024-06-29,15400,80,110,312,238,2480,3140,18620,208,0,4211,60,4479,4220,0,0,4220,7240,3157,7059,9920,0.22,47,16140,39,76.72
2024,6,2024-06-30,17000,86,108,312,252,2020,2692,19778,209,1492,3758,69,5527,4228,0,0,4228,7770,2187,8132,10023,0.26,49,17758,44,76.71
2024,7,2024-07-01,18400,90,106,106,247,1740,2199,20688,218,3427,3603,65,7313,4230,0,0,4230,8360,495,8945,9144,0.34,56,18948,52,76.76
2024,7,2024-07-02,19100,92,103,66,243,1540,1952,21144,194,6196,3585,73,10047,4201,0,0,4201,8740,-2085,9276,6897,0.46,67,19604,65,76.99
2024,7,2024-07-03,18700,95,100,34,249,1260,1642,20438,192,6675,3587,87,10541,4257,0,0,4257,8700,-2965,8903,5640,0.5,72,19178,71,77.34
2024,7,2024-07-04,17300,98,97,34,260,1160,1551,18949,178,6672,3599,77,10525,4278,0,0,4278,8230,-3525,7970,4146,0.54,78,17789,77,77.87
2024,7,2024-07-05,17800,96,94,33,259,1130,1516,19412,204,5112,3706,81,9103,4340,0,0,4340,2960,-7449,13721,5969,0.45,69,18282,67,78.13
2024,7,2024-07-06,19200,90,90,31,237,1080,1439,20729,212,3293,3893,80,7477,4342,0,0,4342,3070,-5790,15004,8910,0.34,57,19649,55,78.12
2024,7,2024-07-07,19600,82,88,32,233,1150,1504,21186,195,5996,3547,65,9803,4332,0,0,4332,3130,-7985,15339,7051,0.45,67,20036,65,78.26
2024,7,2024-07-08,20000,78,86,31,241,1180,1538,21615,203,5481,3594,67,9346,4326,0,0,4326,3160,-7460,15706,7943,0.42,63,20435,61,78.32
2024,7,2024-07-09,20200,83,83,33,241,1060,1417,21700,214,5996,3591,67,9869,4304,0,0,4304,3170,-8079,15907,7527,0.44,65,20640,64,78.41
2024,7,2024-07-10,20400,86,82,34,252,1030,1398,21884,218,6395,3607,69,10289,4304,0,0,4304,8750,-2939,10531,7291,0.45,67,20854,65,78.51
2024,7,2024-07-11,20300,86,79,33,270,1010,1392,21779,209,5686,3503,64,9462,4334,0,0,4334,8640,-2248,10533,7982,0.42,63,20769,62,78.55
2024,7,2024-07-12,20300,88,78,33,271,933,1316,21704,206,4993,3575,78,8853,4338,0,0,4338,8730,-1627,10443,8512,0.39,61,20771,59,78.54
2024,7,2024-07-13,20200,90,76,34,261,968,1339,21629,212,4987,2741,70,8009,4338,0,0,4338,8760,-730,10315,9281,0.35,57,20661,55,78.49
2024,7,2024-07-14,20200,90,76,34,257,1070,1437,21727,209,4991,2754,64,8018,4350,0,0,4350,8770,-638,10302,9359,0.35,57,20657,55,78.42
2024,7,2024-07-15,20400,83,79,34,258,1110,1481,21964,217,5099,2754,78,8148,4351,0,0,4351,8880,-615,10385,9466,0.36,57,20854,55,78.36
2024,7,2024-07-16,20500,80,80,33,259,990,1363,21942,212,4996,2714,75,7998,4335,0,0,4335,8840,-613,10526,9610,0.35,56,20952,54,78.29
2024,7,2024-07-17,20700,82,77,39,246,936,1298,22080,207,4998,2709,49,7963,4340,0,0,4340,8800,-686,10767,9777,0.35,56,21144,54,78.21
2024,7,2024-07-18,20700,78,74,40,247,934,1295,22073,211,4991,2704,53,7960,4332,0,0,4332,8920,-560,10645,9781,0.35,56,21139,54,78.13
2024,7,2024-07-19,20400,76,73,40,250,905,1268,21744,231,4990,2726,63,8008,4333,0,0,4333,9010,-547,10253,9403,0.35,57,20839,55,78.09
2024,7,2024-07-20,20100,78,72,40,257,896,1265,21444,236,4991,2714,21,7962,4285,0,0,4285,9130,-352,9848,9196,0.36,57,20548,55,78.06
2024,7,2024-07-21,20100,80,69,40,262,971,1342,21522,225,5488,2726,28,8467,4307,0,0,4307,9160,-765,9814,8748,0.38,59,20551,57,78.06
2024,7,2024-07-22,20400,83,69,40,257,1010,1376,21858,216,5491,3478,16,9201,4307,0,0,4307,9130,-1495,10147,8350,0.41,62,20848,60,78.1
2024,7,2024-07-23,20500,81,68,40,253,874,1234,21815,208,5489,3487,15,9199,4287,0,0,4287,9120,-1632,10260,8329,0.41,62,20941,60,78.13
2024,7,2024-07-24,20400,77,66,40,260,811,1177,21654,190,5491,3519,50,9250,4266,0,0,4266,9070,-1776,10212,8138,0.41,62,20843,61,78.18
2024,7,2024-07-25,20400,80,63,39,254,785,1141,21621,185,5495,3505,70,9256,4225,0,0,4225,9120,-1741,10177,8140,0.41,62,20836,61,78.22
2024,7,2024-07-26,20200,82,63,39,248,790,1140,21422,180,5493,3447,69,9189,4227,0,0,4227,9210,-1587,9889,8006,0.41,63,20632,61,78.28
2024,7,2024-07-27,20200,82,61,40,237,800,1138,21421,179,5492,3479,63,9212,4240,0,0,4240,9170,-1659,9925,7969,0.42,63,20621,61,78.33
2024,7,2024-07-28,20200,83,62,40,231,933,1267,21549,181,5490,3471,65,9207,4197,0,0,4197,9050,-1619,10057,8145,0.41,62,20616,60,78.37
2024,7,2024-07-29,20400,83,64,40,223,1010,1336,21819,180,5486,3519,63,9247,4199,0,0,4199,9180,-1460,10127,8374,0.41,62,20809,60,78.38
2024,7,2024-07-30,20800,84,64,40,209,901,1214,22098,185,5490,3533,63,9270,4197,0,0,4197,9280,-1504,10429,8630,0.41,61,21197,59,78.38
2024,7,2024-07-31,20600,84,63,40,201,850,1154,21838,167,5992,3503,63,9725,4150,0,0,4150,9170,-2098,10352,7963,0.43,64,20988,62,78.43
2024,8,2024-08-01,20400,84,63,40,215,833,1150,21634,178,6196,3532,66,9972,4131,0,0,4131,9050,-2457,10277,7531,0.45,65,20801,64,78.51
2024,8,2024-08-02,20200,83,61,41,238,840,1180,21464,187,5992,3513,81,9773,4136,0,0,4136,8960,-2322,10165,7554,0.44,65,20624,63,78.59
2024,8,2024-08-03,20100,85,61,39,249,890,1239,21424,183,6019,3494,68,9763,4097,0,0,4097,9040,-2147,9998,7564,0.44,65,20534,63,78.66
2024,8,2024-08-04,20500,88,60,36,240,1040,1376,21965,184,5995,3506,64,9749,4119,0,0,4119,9200,-1850,10235,8097,0.43,63,20925,61,78.68
2024,8,2024-08-05,20900,86,60,40,235,1080,1415,22401,180,5995,3512,63,9749,4075,0,0,4075,9260,-1723,10585,8577,0.42,62,21321,60,78.66
2024,8,2024-08-06,20900,85,58,37,233,938,1266,22251,185,6674,3514,64,10436,4063,0,0,4063,9200,-2610,10648,7753,0.46,65,21313,64,78.71
2024,8,2024-08-07,20400,87,56,35,227,888,1206,21694,189,6966,3522,82,10759,4010,0,0,4010,9160,-2999,10205,6925,0.48,68,20806,67,78.83
2024,8,2024-08-08,20000,87,54,35,247,866,1202,21289,224,6387,3947,73,10631,4006,0,0,4006,9000,-3033,9965,6652,0.48,69,20423,67,78.97
2024,8,2024-08-09,20000,85,54,35,254,862,1205,21290,248,5493,4153,66,9960,3950,0,0,3950,8890,-2432,10090,7381,0.45,65,20428,64,79.04
2024,8,2024-08-10,20000,86,52,35,265,903,1255,21341,250,4993,4164,66,9473,3949,0,0,3949,8780,-2004,10200,7919,0.43,63,20438,61,79.05
2024,8,2024-08-11,19900,87,52,36,287,1040,1415,21402,244,4995,4199,60,9498,3911,0,0,3911,8660,-1964,10232,7994,0.43,63,20362,61,79.06
2024,8,2024-08-12,19900,84,53,35,281,1160,1529,21513,244,4899,4222,62,9427,3913,0,0,3913,8530,-1912,10359,8173,0.42,62,20353,60,79.05
2024,8,2024-08-13,19800,81,52,35,250,1130,1467,21348,242,5493,4199,67,10000,3867,0,0,3867,8400,-2646,10398,7481,0.45,65,20218,63,79.11
2024,8,2024-08-14,19900,81,52,38,219,1080,1389,21370,247,6192,4206,68,10713,3809,0,0,3809,8510,-3289,10404,6848,0.48,68,20290,66,79.21
2024,8,2024-08-15,20200,84,52,40,204,1080,1375,21659,234,6680,4245,75,11233,3801,0,0,3801,8800,-3529,10419,6624,0.5,69,20579,68,79.33
2024,8,2024-08-16,20300,84,51,40,197,1070,1358,21742,227,6673,4215,89,11204,3760,0,0,3760,9100,-3189,10231,6779,0.5,69,20672,67,79.43
2024,8,2024-08-17,20300,86,51,40,208,1130,1429,21814,225,6674,4189,83,11171,3752,0,0,3752,9290,-2891,10045,6891,0.5,68,20684,67,79.52
2024,8,2024-08-18,20600,84,50,40,225,1270,1585,22269,215,6668,4217,66,11166,3726,0,0,3726,9330,-2672,10311,7378,0.49,67,20999,65,79.55
2024,8,2024-08-19,20400,84,51,39,228,1300,1618,22102,226,6666,4203,65,11160,3673,0,0,3673,9270,-2660,10185,7268,0.49,67,20802,65,79.59
2024,8,2024-08-20,20300,85,51,36,216,1160,1462,21847,222,3496,2690,63,6470,3665,0,0,3665,9270,1881,10089,11713,0.28,46,20687,43,79.33
2024,8,2024-08-21,20400,86,50,37,205,1020,1312,21798,223,5310,3935,52,9519,3597,0,0,3597,9360,-1185,10119,8682,0.42,60,20778,58,79.27
2024,8,2024-08-22,20200,86,49,35,201,968,1253,21539,197,6680,4255,66,11198,3542,0,0,3542,3270,-8977,16024,6799,0.5,68,20571,67,79.37
2024,8,2024-08-23,20100,88,49,36,201,915,1201,21389,195,6190,4219,76,10680,3548,0,0,3548,3240,-8545,15954,7161,0.48,67,20474,65,79.43
2024,8,2024-08-24,20300,87,51,35,202,961,1249,21636,192,6000,4239,69,10498,3514,0,0,3514,3230,-8304,16173,7623,0.47,65,20675,63,79.45
2024,8,2024-08-25,20700,85,53,36,201,1030,1321,22106,186,5997,4176,73,10432,3479,0,0,3479,3240,-8133,16571,8195,0.46,63,21076,61,79.42
2024,8,2024-08-26,21000,86,57,35,198,1040,1329,22415,190,6676,4240,67,11172,3428,0,0,3428,3190,-8881,16936,7814,0.49,65,21375,63,79.42
2024,8,2024-08-27,21100,85,55,35,183,948,1221,22406,179,7174,4181,70,11604,3418,0,0,3418,3150,-9454,17078,7384,0.51,67,21458,66,79.46
2024,8,2024-08-28,21200,82,52,35,171,896,1154,22436,178,7171,4234,65,11648,3360,0,0,3360,9300,-3378,11041,7428,0.51,67,21540,66,79.5
2024,8,2024-08-29,21200,77,49,35,179,886,1149,22426,179,7179,4261,69,11689,3297,0,0,3297,9400,-3282,10954,7441,0.51,67,21540,65,79.53
2024,8,2024-08-30,20900,72,47,38,202,882,1169,22141,186,7175,4248,78,11687,3248,0,0,3248,9340,-3289,10723,7207,0.51,67,21259,66,79.58
2024,8,2024-08-31,20400,72,47,39,213,862,1161,21633,160,7178,4239,76,11654,3204,0,0,3204,9260,-3315,10315,6776,0.53,69,20771,67,79.66
2024,9,2024-09-01,20000,73,46,144,221,1040,1451,21524,154,6674,4228,55,11112,3174,0,0,3174,9120,-2604,10064,7238,0.51,66,20484,65,79.7
2024,9,2024-09-02,19900,72,46,168,220,1090,1524,21496,157,6093,4226,77,10553,3168,0,0,3168,8910,-2179,10175,7774,0.48,64,20406,62,79.69
2024,9,2024-09-03,19500,70,45,155,197,970,1367,20938,171,5891,4205,67,10333,3104,0,0,3104,8800,-2184,9901,7500,0.48,64,19968,62,79.71
2024,9,2024-09-04,19400,71,44,173,175,903,1295,20766,179,4992,4237,83,9491,3059,0,0,3059,8730,-1454,9885,8217,0.44,60,19863,59,79.66
2024,9,2024-09-05,19700,74,45,159,166,939,1309,21083,177,4992,4128,81,9378,3016,0,0,3016,8700,-1330,10229,8688,0.43,59,20144,57,79.58
2024,9,2024-09-06,20300,73,43,171,180,948,1342,21715,177,5491,4156,74,9899,2966,0,0,2966,8810,-1675,10733,8850,0.44,59,20767,57,79.5
2024,9,2024-09-07,20800,71,43,177,200,944,1364,22235,178,5784,4219,75,10256,2918,0,0,2918,8820,-1969,11234,9061,0.45,59,21291,57,79.4
2024,9,2024-09-08,20900,69,43,183,199,1030,1454,22423,178,5993,4203,71,10445,2874,0,0,2874,8770,-2089,11394,9104,0.45,59,21393,57,79.31
2024,9,2024-09-09,20600,67,42,192,190,1040,1464,22131,178,6676,4203,68,11125,2868,0,0,2868,8780,-2745,11084,8138,0.49,63,21091,61,79.29
2024,9,2024-09-10,20500,68,42,242,196,990,1470,22038,179,7171,4244,63,11657,2813,0,0,2813,8650,-3365,11130,7568,0.52,66,21048,64,79.32
2024,9,2024-09-11,20500,69,42,253,198,985,1479,22048,179,6675,4237,57,11148,2763,0,0,2763,8370,-3095,11425,8137,0.49,63,21063,61,79.3
2024,9,2024-09-12,20500,65,42,248,189,998,1477,22042,179,6671,4252,59,11161,2707,0,0,2707,8240,-3204,11567,8173,0.49,63,21044,61,79.28
2024,9,2024-09-13,20400,66,43,245,183,988,1459,21925,185,6674,4201,76,11135,2665,0,0,2665,8490,-2919,11230,8125,0.49,63,20937,61,79.27
2024,9,2024-09-14,20300,68,44,214,184,1050,1493,21861,179,7173,4220,69,11640,2624,0,0,2624,8850,-3003,10784,7597,0.52,65,20811,63,79.3
2024,9,2024-09-15,20200,68,45,219,186,1200,1650,21918,178,7173,4173,56,11580,2579,0,0,2579,9030,-2576,10516,7759,0.52,65,20718,63,79.31
2024,9,2024-09-16,20200,64,45,213,171,1210,1639,21903,189,7169,4232,71,11660,2573,0,0,2573,8900,-2794,10644,7669,0.52,65,20693,63,79.33
2024,9,2024-09-17,19900,66,46,195,168,1120,1529,21495,136,6676,4229,72,11113,2529,0,0,2529,8970,-2258,10288,7853,0.51,63,20375,61,79.34
2024,9,2024-09-18,19900,71,47,200,171,1120,1538,21509,178,6672,4219,74,11142,2452,0,0,2452,8980,-2218,10305,7915,0.5,63,20389,61,79.34
2024,9,2024-09-19,19800,71,49,202,181,1180,1612,21483,180,6645,4246,75,11146,2405,0,0,2405,9020,-2077,10177,7932,0.5,63,20303,61,79.34
2024,9,2024-09-20,19600,73,50,201,192,1180,1623,21297,188,6675,4268,66,11197,2408,0,0,2408,8930,-2208,10069,7692,0.51,64,20117,62,79.35
2024,9,2024-09-21,19500,68,53,201,196,1120,1569,21137,194,6000,4272,66,10532,2360,0,0,2360,8760,-1737,10147,8245,0.48,61,20017,59,79.33
2024,9,2024-09-22,19300,66,51,216,184,1220,1671,21038,196,5995,4254,60,10506,2321,0,0,2321,8550,-1793,10166,8211,0.49,61,19818,59,79.3
2024,9,2024-09-23,19100,61,48,207,168,1330,1753,20914,189,5993,4214,69,10464,2323,0,0,2323,7940,-2281,10570,8126,0.49,61,19584,59,79.29
2024,9,2024-09-24,18700,46,46,194,162,1250,1652,20398,187,4996,4214,69,9465,2263,0,0,2263,5490,-3794,12623,8671,0.45,57,19148,55,79.23
2024,9,2024-09-25,18400,54,44,191,176,1210,1621,20076,202,4998,3802,63,9065,2216,0,0,2216,4005,-4879,13829,8795,0.44,56,18866,53,79.17
2024,9,2024-09-26,18500,65,43,194,184,1180,1601,20166,200,993,3547,67,4807,2218,0,0,2218,3829.33,-818,14115,13141,0.22,35,18986,31,78.85
2024,9,2024-09-27,18100,60,44,195,184,1120,1543,19703,190,493,933,81,1697,2166,0,0,2166,3768.1,2206,13786,15840,0.07,20,18583,15,78.43
2024,9,2024-09-28,17800,56,45,205,180,1170,1599,19455,187,497,908,82,1673,2164,0,0,2164,3791.1,2310,13459,15617,0.07,20,18285,15,78.04
2024,9,2024-09-29,17900,53,44,204,177,1310,1735,19689,187,499,908,63,1657,2121,0,0,2121,3781.5,2481,13578,15910,0.07,19,18379,13,77.66
2024,9,2024-09-30,18000,55,43,204,191,1340,1777,19832,200,494,908,74,1676,2115,0,0,2115,3763.7,2490,13699,16041,0.07,19,18492,13,77.29
